,total,하락세,하락,급락,내림세,하락…,하락...,하락..
0,7.0,1.0,6.0,0.0,0.0,0.0,0.0,0.0
1,4.0,1.0,2.0,1.0,0.0,0.0,0.0,0.0
2,1.0,0.0,0.0,1.0,0.0,0.0,0.0,0.0
3,1.0,1.0,0.0,0.0,0.0,0.0,0.0,0.0
4,0.0,0.0,0.0,0.0,0.0,0.0,0.0,0.0
5,7.0,1.0,6.0,0.0,0.0,0.0,0.0,0.0
6,10.0,0.0,9.0,1.0,0.0,0.0,0.0,0.0
7,5.0,2.0,3.0,0.0,0.0,0.0,0.0,0.0
8,1.0,0.0,1.0,0.0,0.0,0.0,0.0,0.0
9,1.0,0.0,1.0,0.0,0.0,0.0,0.0,0.0
10,0.0,0.0,0.0,0.0,0.0,0.0,0.0,0.0
11,0.0,0.0,0.0,0.0,0.0,0.0,0.0,0.0
12,1.0,0.0,1.0,0.0,0.0,0.0,0.0,0.0
13,5.0,1.0,1.0,3.0,0.0,0.0,0.0,0.0
14,4.0,2.0,1.0,0.0,1.0,0.0,0.0,0.0
15,7.0,2.0,4.0,1.0,0.0,0.0,0.0,0.0
16,2.0,1.0,1.0,0.0,0.0,0.0,0.0,0.0
17,1.0,0.0,0.0,1.0,0.0,0.0,0.0,0.0
18,1.0,0.0,1.0,0.0,0.0,0.0,0.0,0.0
19,9.0,3.0,6.0,0.0,0.0,0.0,0.0,0.0
20,15.0,1.0,13.0,0.0,0.0,1.0,0.0,0.0
21,18.0,1.0,13.0,0.0,1.0,3.0,0.0,0.0
22,5.0,2.0,3.0,0.0,0.0,0.0,0.0,0.0
23,14.0,5.0,7.0,0.0,1.0,1.0,0.0,0.0
24,8.0,3.0,4.0,0.0,1.0,0.0,0.0,0.0
25,6.0,1.0,3.0,2.0,0.0,0.0,0.0,0.0
26,15.0,2.0,10.0,2.0,0.0,1.0,0.0,0.0
27,7.0,1.0,6.0,0.0,0.0,0.0,0.0,0.0
28,15.0,5.0,10.0,0.0,0.0,0.0,0.0,0.0
29,11.0,2.0,8.0,1.0,0.0,0.0,0.0,0.0
30,11.0,1.0,9.0,1.0,0.0,0.0,0.0,0.0
31,9.0,1.0,8.0,0.0,0.0,0.0,0.0,0.0
32,7.0,4.0,2.0,0.0,0.0,0.0,1.0,0.0
33,11.0,2.0,9.0,0.0,0.0,0.0,0.0,0.0
34,3.0,0.0,3.0,0.0,0.0,0.0,0.0,0.0
35,2.0,1.0,1.0,0.0,0.0,0.0,0.0,0.0
36,2.0,0.0,1.0,0.0,1.0,0.0,0.0,0.0
37,0.0,0.0,0.0,0.0,0.0,0.0,0.0,0.0
38,0.0,0.0,0.0,0.0,0.0,0.0,0.0,0.0
39,1.0,0.0,0.0,1.0,0.0,0.0,0.0,0.0
40,0.0,0.0,0.0,0.0,0.0,0.0,0.0,0.0
41,2.0,1.0,1.0,0.0,0.0,0.0,0.0,0.0
42,0.0,0.0,0.0,0.0,0.0,0.0,0.0,0.0
43,4.0,1.0,3.0,0.0,0.0,0.0,0.0,0.0
44,0.0,0.0,0.0,0.0,0.0,0.0,0.0,0.0
45,0.0,0.0,0.0,0.0,0.0,0.0,0.0,0.0
46,6.0,2.0,2.0,0.0,0.0,2.0,0.0,0.0
47,3.0,2.0,1.0,0.0,0.0,0.0,0.0,0.0
48,5.0,1.0,2.0,2.0,0.0,0.0,0.0,0.0
49,5.0,0.0,5.0,0.0,0.0,0.0,0.0,0.0
50,1.0,0.0,1.0,0.0,0.0,0.0,0.0,0.0
51,2.0,1.0,1.0,0.0,0.0,0.0,0.0,0.0
52,10.0,1.0,7.0,2.0,0.0,0.0,0.0,0.0
53,12.0,2.0,6.0,3.0,1.0,0.0,0.0,0.0
54,9.0,4.0,5.0,0.0,0.0,0.0,0.0,0.0
55,14.0,3.0,10.0,0.0,1.0,0.0,0.0,0.0
56,13.0,6.0,5.0,0.0,2.0,0.0,0.0,0.0
57,24.0,3.0,13.0,2.0,5.0,1.0,0.0,0.0
58,29.0,12.0,15.0,1.0,1.0,0.0,0.0,0.0
59,16.0,4.0,11.0,0.0,0.0,1.0,0.0,0.0
60,18.0,3.0,14.0,0.0,0.0,1.0,0.0,0.0
61,8.0,2.0,6.0,0.0,0.0,0.0,0.0,0.0
62,10.0,1.0,8.0,1.0,0.0,0.0,0.0,0.0
63,14.0,5.0,8.0,0.0,0.0,0.0,0.0,1.0
64,17.0,10.0,7.0,0.0,0.0,0.0,0.0,0.0
65,11.0,5.0,6.0,0.0,0.0,0.0,0.0,0.0
66,18.0,3.0,14.0,1.0,0.0,0.0,0.0,0.0
67,26.0,8.0,14.0,1.0,2.0,1.0,0.0,0.0
68,25.0,2.0,20.0,2.0,0.0,0.0,1.0,0.0
69,25.0,8.0,15.0,1.0,1.0,0.0,0.0,0.0
70,26.0,8.0,15.0,0.0,2.0,1.0,0.0,0.0
71,16.0,3.0,10.0,1.0,1.0,0.0,0.0,1.0
72,14.0,7.0,6.0,1.0,0.0,0.0,0.0,0.0
73,9.0,0.0,7.0,0.0,0.0,2.0,0.0,0.0
74,9.0,5.0,1.0,2.0,0.0,1.0,0.0,0.0
75,7.0,3.0,4.0,0.0,0.0,0.0,0.0,0.0
76,5.0,4.0,1.0,0.0,0.0,0.0,0.0,0.0
77,5.0,0.0,5.0,0.0,0.0,0.0,0.0,0.0
78,7.0,2.0,4.0,0.0,1.0,0.0,0.0,0.0
79,3.0,1.0,2.0,0.0,0.0,0.0,0.0,0.0
80,3.0,1.0,2.0,0.0,0.0,0.0,0.0,0.0
81,3.0,0.0,3.0,0.0,0.0,0.0,0.0,0.0
82,2.0,0.0,2.0,0.0,0.0,0.0,0.0,0.0
83,2.0,1.0,1.0,0.0,0.0,0.0,0.0,0.0
84,4.0,0.0,4.0,0.0,0.0,0.0,0.0,0.0
85,0.0,0.0,0.0,0.0,0.0,0.0,0.0,0.0
86,4.0,1.0,3.0,0.0,0.0,0.0,0.0,0.0
87,3.0,0.0,3.0,0.0,0.0,0.0,0.0,0.0
88,0.0,0.0,0.0,0.0,0.0,0.0,0.0,0.0
89,4.0,0.0,4.0,0.0,0.0,0.0,0.0,0.0
90,8.0,0.0,8.0,0.0,0.0,0.0,0.0,0.0
91,5.0,3.0,2.0,0.0,0.0,0.0,0.0,0.0
92,8.0,1.0,5.0,1.0,1.0,0.0,0.0,0.0
93,7.0,2.0,4.0,0.0,1.0,0.0,0.0,0.0
94,6.0,2.0,3.0,1.0,0.0,0.0,0.0,0.0
95,1.0,0.0,1.0,0.0,0.0,0.0,0.0,0.0
96,1.0,0.0,1.0,0.0,0.0,0.0,0.0,0.0
97,11.0,3.0,7.0,0.0,0.0,0.0,0.0,1.0
98,3.0,2.0,1.0,0.0,0.0,0.0,0.0,0.0
99,8.0,0.0,6.0,2.0,0.0,0.0,0.0,0.0
100,8.0,1.0,6.0,0.0,1.0,0.0,0.0,0.0
101,3.0,2.0,1.0,0.0,0.0,0.0,0.0,0.0
102,5.0,0.0,5.0,0.0,0.0,0.0,0.0,0.0
103,2.0,0.0,2.0,0.0,0.0,0.0,0.0,0.0
104,0.0,0.0,0.0,0.0,0.0,0.0,0.0,0.0
105,1.0,0.0,1.0,0.0,0.0,0.0,0.0,0.0
106,4.0,0.0,4.0,0.0,0.0,0.0,0.0,0.0
107,5.0,1.0,4.0,0.0,0.0,0.0,0.0,0.0
108,1.0,0.0,1.0,0.0,0.0,0.0,0.0,0.0
109,2.0,0.0,2.0,0.0,0.0,0.0,0.0,0.0
110,3.0,0.0,2.0,0.0,1.0,0.0,0.0,0.0
111,1.0,0.0,1.0,0.0,0.0,0.0,0.0,0.0
112,2.0,0.0,2.0,0.0,0.0,0.0,0.0,0.0
113,6.0,0.0,6.0,0.0,0.0,0.0,0.0,0.0
114,2.0,0.0,2.0,0.0,0.0,0.0,0.0,0.0
115,1.0,0.0,1.0,0.0,0.0,0.0,0.0,0.0
116,8.0,2.0,6.0,0.0,0.0,0.0,0.0,0.0
117,5.0,1.0,4.0,0.0,0.0,0.0,0.0,0.0
118,4.0,2.0,2.0,0.0,0.0,0.0,0.0,0.0
119,0.0,0.0,0.0,0.0,0.0,0.0,0.0,0.0
120,2.0,0.0,2.0,0.0,0.0,0.0,0.0,0.0
121,6.0,2.0,4.0,0.0,0.0,0.0,0.0,0.0
122,11.0,1.0,9.0,0.0,0.0,1.0,0.0,0.0
123,6.0,1.0,5.0,0.0,0.0,0.0,0.0,0.0
124,11.0,7.0,2.0,1.0,1.0,0.0,0.0,0.0
125,4.0,1.0,3.0,0.0,0.0,0.0,0.0,0.0
126,10.0,3.0,6.0,1.0,0.0,0.0,0.0,0.0
127,9.0,6.0,3.0,0.0,0.0,0.0,0.0,0.0
128,14.0,3.0,8.0,2.0,0.0,1.0,0.0,0.0
129,14.0,2.0,10.0,1.0,0.0,1.0,0.0,0.0
130,10.0,2.0,4.0,0.0,2.0,2.0,0.0,0.0
131,16.0,3.0,8.0,1.0,1.0,1.0,1.0,1.0
132,8.0,1.0,4.0,1.0,1.0,0.0,0.0,1.0
133,13.0,4.0,9.0,0.0,0.0,0.0,0.0,0.0
134,19.0,6.0,13.0,0.0,0.0,0.0,0.0,0.0
135,22.0,3.0,17.0,1.0,0.0,1.0,0.0,0.0
136,17.0,4.0,5.0,5.0,0.0,3.0,0.0,0.0
137,13.0,6.0,6.0,0.0,0.0,1.0,0.0,0.0
138,8.0,2.0,6.0,0.0,0.0,0.0,0.0,0.0
139,7.0,4.0,3.0,0.0,0.0,0.0,0.0,0.0
140,15.0,2.0,13.0,0.0,0.0,0.0,0.0,0.0
141,7.0,3.0,2.0,2.0,0.0,0.0,0.0,0.0
142,16.0,5.0,10.0,0.0,0.0,1.0,0.0,0.0
143,14.0,6.0,6.0,2.0,0.0,0.0,0.0,0.0
144,25.0,9.0,14.0,0.0,2.0,0.0,0.0,0.0
145,11.0,5.0,5.0,1.0,0.0,0.0,0.0,0.0
146,25.0,8.0,16.0,0.0,0.0,1.0,0.0,0.0
147,18.0,4.0,12.0,2.0,0.0,0.0,0.0,0.0
148,20.0,5.0,9.0,5.0,0.0,0.0,0.0,1.0
149,25.0,5.0,20.0,0.0,0.0,0.0,0.0,0.0
150,10.0,0.0,7.0,2.0,1.0,0.0,0.0,0.0
151,32.0,1.0,22.0,2.0,1.0,4.0,0.0,2.0
152,21.0,3.0,16.0,0.0,1.0,0.0,0.0,1.0
153,23.0,4.0,12.0,3.0,0.0,4.0,0.0,0.0
154,12.0,3.0,8.0,0.0,0.0,1.0,0.0,0.0
155,18.0,2.0,10.0,3.0,0.0,3.0,0.0,0.0
156,18.0,2.0,14.0,0.0,1.0,1.0,0.0,0.0
157,14.0,0.0,10.0,1.0,0.0,2.0,0.0,1.0
158,14.0,2.0,9.0,3.0,0.0,0.0,0.0,0.0
159,16.0,2.0,12.0,0.0,0.0,1.0,0.0,1.0
160,20.0,2.0,12.0,2.0,0.0,4.0,0.0,0.0
161,9.0,1.0,7.0,1.0,0.0,0.0,0.0,0.0
162,6.0,1.0,5.0,0.0,0.0,0.0,0.0,0.0
163,3.0,0.0,2.0,0.0,1.0,0.0,0.0,0.0
164,49.0,3.0,41.0,0.0,0.0,5.0,0.0,0.0
165,29.0,0.0,19.0,6.0,0.0,2.0,1.0,1.0
166,12.0,8.0,3.0,0.0,1.0,0.0,0.0,0.0
167,12.0,5.0,6.0,0.0,1.0,0.0,0.0,0.0
168,21.0,6.0,11.0,1.0,1.0,2.0,0.0,0.0
169,12.0,1.0,7.0,4.0,0.0,0.0,0.0,0.0
170,2.0,1.0,1.0,0.0,0.0,0.0,0.0,0.0
171,7.0,0.0,6.0,1.0,0.0,0.0,0.0,0.0
172,9.0,2.0,5.0,1.0,0.0,1.0,0.0,0.0
173,29.0,1.0,21.0,1.0,1.0,4.0,0.0,1.0
174,3.0,1.0,1.0,0.0,1.0,0.0,0.0,0.0
175,2.0,2.0,0.0,0.0,0.0,0.0,0.0,0.0
176,3.0,0.0,2.0,0.0,0.0,0.0,0.0,1.0
177,31.0,0.0,25.0,1.0,0.0,1.0,0.0,4.0
178,2.0,0.0,2.0,0.0,0.0,0.0,0.0,0.0
179,0.0,0.0,0.0,0.0,0.0,0.0,0.0,0.0
180,1.0,0.0,1.0,0.0,0.0,0.0,0.0,0.0
181,2.0,1.0,1.0,0.0,0.0,0.0,0.0,0.0
182,1.0,0.0,1.0,0.0,0.0,0.0,0.0,0.0
183,0.0,0.0,0.0,0.0,0.0,0.0,0.0,0.0
184,3.0,1.0,2.0,0.0,0.0,0.0,0.0,0.0
185,2.0,1.0,1.0,0.0,0.0,0.0,0.0,0.0
186,5.0,1.0,3.0,0.0,0.0,1.0,0.0,0.0
187,2.0,1.0,1.0,0.0,0.0,0.0,0.0,0.0
188,1.0,1.0,0.0,0.0,0.0,0.0,0.0,0.0
189,0.0,0.0,0.0,0.0,0.0,0.0,0.0,0.0
190,0.0,0.0,0.0,0.0,0.0,0.0,0.0,0.0
191,1.0,0.0,1.0,0.0,0.0,0.0,0.0,0.0
192,4.0,1.0,3.0,0.0,0.0,0.0,0.0,0.0
193,3.0,3.0,0.0,0.0,0.0,0.0,0.0,0.0
194,6.0,1.0,4.0,0.0,1.0,0.0,0.0,0.0
195,5.0,1.0,2.0,0.0,1.0,1.0,0.0,0.0
196,5.0,0.0,5.0,0.0,0.0,0.0,0.0,0.0
197,15.0,3.0,10.0,0.0,2.0,0.0,0.0,0.0
198,12.0,3.0,7.0,0.0,0.0,1.0,0.0,1.0
199,15.0,5.0,10.0,0.0,0.0,0.0,0.0,0.0
200,20.0,4.0,13.0,0.0,2.0,0.0,0.0,1.0
201,21.0,10.0,7.0,1.0,2.0,1.0,0.0,0.0
202,13.0,4.0,8.0,0.0,1.0,0.0,0.0,0.0
203,17.0,5.0,12.0,0.0,0.0,0.0,0.0,0.0
204,13.0,5.0,6.0,0.0,0.0,1.0,0.0,1.0
205,6.0,1.0,4.0,1.0,0.0,0.0,0.0,0.0
206,4.0,2.0,2.0,0.0,0.0,0.0,0.0,0.0
207,4.0,1.0,3.0,0.0,0.0,0.0,0.0,0.0
208,2.0,0.0,2.0,0.0,0.0,0.0,0.0,0.0
209,2.0,1.0,1.0,0.0,0.0,0.0,0.0,0.0
210,2.0,1.0,1.0,0.0,0.0,0.0,0.0,0.0
211,2.0,0.0,1.0,1.0,0.0,0.0,0.0,0.0
212,1.0,0.0,1.0,0.0,0.0,0.0,0.0,0.0
213,5.0,0.0,4.0,1.0,0.0,0.0,0.0,0.0
214,4.0,1.0,3.0,0.0,0.0,0.0,0.0,0.0
215,6.0,2.0,4.0,0.0,0.0,0.0,0.0,0.0
216,10.0,2.0,8.0,0.0,0.0,0.0,0.0,0.0
217,12.0,7.0,4.0,1.0,0.0,0.0,0.0,0.0
218,17.0,5.0,11.0,1.0,0.0,0.0,0.0,0.0
219,17.0,5.0,9.0,1.0,2.0,0.0,0.0,0.0
220,12.0,6.0,4.0,0.0,2.0,0.0,0.0,0.0
221,19.0,4.0,14.0,1.0,0.0,0.0,0.0,0.0
222,17.0,5.0,6.0,4.0,1.0,0.0,0.0,1.0
223,16.0,4.0,11.0,0.0,0.0,0.0,0.0,1.0
224,11.0,1.0,9.0,0.0,0.0,0.0,0.0,1.0
225,11.0,4.0,6.0,1.0,0.0,0.0,0.0,0.0
226,16.0,0.0,14.0,0.0,1.0,0.0,0.0,1.0
227,9.0,5.0,3.0,0.0,0.0,0.0,0.0,1.0
228,19.0,6.0,10.0,2.0,0.0,0.0,0.0,1.0
229,23.0,12.0,11.0,0.0,0.0,0.0,0.0,0.0
230,20.0,6.0,12.0,0.0,0.0,0.0,0.0,2.0
231,8.0,2.0,6.0,0.0,0.0,0.0,0.0,0.0
232,28.0,3.0,24.0,0.0,1.0,0.0,0.0,0.0
233,22.0,5.0,12.0,2.0,0.0,1.0,0.0,2.0
234,21.0,7.0,13.0,0.0,0.0,1.0,0.0,0.0
235,14.0,5.0,7.0,0.0,1.0,1.0,0.0,0.0
236,21.0,1.0,18.0,0.0,2.0,0.0,0.0,0.0
237,17.0,0.0,16.0,1.0,0.0,0.0,0.0,0.0
238,24.0,5.0,17.0,0.0,0.0,1.0,0.0,1.0
239,17.0,3.0,9.0,3.0,1.0,0.0,0.0,1.0
240,5.0,0.0,3.0,1.0,1.0,0.0,0.0,0.0
241,15.0,2.0,12.0,0.0,1.0,0.0,0.0,0.0
242,7.0,2.0,3.0,0.0,1.0,0.0,0.0,1.0
243,9.0,2.0,4.0,0.0,0.0,1.0,1.0,1.0
244,12.0,4.0,6.0,0.0,0.0,2.0,0.0,0.0
245,15.0,7.0,6.0,0.0,0.0,1.0,0.0,1.0
246,4.0,2.0,1.0,0.0,1.0,0.0,0.0,0.0
247,3.0,2.0,1.0,0.0,0.0,0.0,0.0,0.0
248,11.0,4.0,6.0,0.0,0.0,1.0,0.0,0.0
249,8.0,1.0,5.0,1.0,0.0,1.0,0.0,0.0
250,7.0,0.0,5.0,0.0,0.0,0.0,0.0,2.0
251,9.0,3.0,6.0,0.0,0.0,0.0,0.0,0.0
252,13.0,7.0,6.0,0.0,0.0,0.0,0.0,0.0
253,6.0,4.0,2.0,0.0,0.0,0.0,0.0,0.0
254,19.0,7.0,5.0,0.0,1.0,3.0,1.0,2.0
255,2.0,1.0,0.0,1.0,0.0,0.0,0.0,0.0
256,2.0,0.0,2.0,0.0,0.0,0.0,0.0,0.0
257,3.0,1.0,2.0,0.0,0.0,0.0,0.0,0.0
258,2.0,0.0,1.0,0.0,0.0,1.0,0.0,0.0
259,1.0,0.0,1.0,0.0,0.0,0.0,0.0,0.0
260,0.0,0.0,0.0,0.0,0.0,0.0,0.0,0.0
261,6.0,0.0,6.0,0.0,0.0,0.0,0.0,0.0
262,1.0,0.0,1.0,0.0,0.0,0.0,0.0,0.0
263,1.0,1.0,0.0,0.0,0.0,0.0,0.0,0.0
264,4.0,1.0,3.0,0.0,0.0,0.0,0.0,0.0
265,0.0,0.0,0.0,0.0,0.0,0.0,0.0,0.0
266,1.0,0.0,1.0,0.0,0.0,0.0,0.0,0.0
267,3.0,1.0,2.0,0.0,0.0,0.0,0.0,0.0
268,0.0,0.0,0.0,0.0,0.0,0.0,0.0,0.0
269,8.0,1.0,7.0,0.0,0.0,0.0,0.0,0.0
270,18.0,2.0,13.0,0.0,1.0,0.0,0.0,2.0
271,9.0,2.0,7.0,0.0,0.0,0.0,0.0,0.0
272,15.0,5.0,7.0,3.0,0.0,0.0,0.0,0.0
273,4.0,0.0,4.0,0.0,0.0,0.0,0.0,0.0
274,16.0,1.0,14.0,0.0,0.0,1.0,0.0,0.0
275,16.0,5.0,10.0,0.0,0.0,0.0,0.0,1.0
276,25.0,2.0,18.0,2.0,1.0,1.0,0.0,1.0
277,29.0,6.0,22.0,0.0,0.0,1.0,0.0,0.0
278,17.0,1.0,10.0,1.0,0.0,2.0,2.0,1.0
279,21.0,2.0,18.0,0.0,0.0,1.0,0.0,0.0
280,12.0,2.0,7.0,0.0,0.0,1.0,0.0,2.0
281,16.0,5.0,10.0,0.0,1.0,0.0,0.0,0.0
282,13.0,5.0,5.0,1.0,1.0,1.0,0.0,0.0
283,10.0,1.0,8.0,0.0,0.0,0.0,0.0,1.0
284,11.0,1.0,8.0,0.0,1.0,1.0,0.0,0.0
285,12.0,0.0,10.0,0.0,0.0,2.0,0.0,0.0
286,15.0,2.0,11.0,0.0,1.0,1.0,0.0,0.0
287,14.0,1.0,12.0,0.0,1.0,0.0,0.0,0.0
288,8.0,2.0,5.0,1.0,0.0,0.0,0.0,0.0
289,5.0,1.0,4.0,0.0,0.0,0.0,0.0,0.0
290,15.0,11.0,4.0,0.0,0.0,0.0,0.0,0.0
291,15.0,12.0,3.0,0.0,0.0,0.0,0.0,0.0
292,8.0,1.0,5.0,2.0,0.0,0.0,0.0,0.0
293,13.0,3.0,8.0,1.0,1.0,0.0,0.0,0.0
294,11.0,4.0,5.0,1.0,1.0,0.0,0.0,0.0
295,14.0,5.0,5.0,1.0,0.0,3.0,0.0,0.0
296,5.0,1.0,2.0,0.0,0.0,1.0,0.0,1.0
297,2.0,1.0,1.0,0.0,0.0,0.0,0.0,0.0
298,4.0,0.0,4.0,0.0,0.0,0.0,0.0,0.0
299,16.0,2.0,3.0,8.0,0.0,3.0,0.0,0.0
300,26.0,6.0,17.0,3.0,0.0,0.0,0.0,0.0
301,16.0,3.0,11.0,0.0,0.0,1.0,0.0,1.0
302,23.0,2.0,20.0,0.0,0.0,1.0,0.0,0.0
303,15.0,2.0,11.0,0.0,1.0,1.0,0.0,0.0
304,44.0,14.0,29.0,0.0,0.0,1.0,0.0,0.0
305,15.0,4.0,10.0,1.0,0.0,0.0,0.0,0.0
306,46.0,5.0,33.0,3.0,2.0,2.0,1.0,0.0
307,22.0,7.0,14.0,0.0,0.0,1.0,0.0,0.0
308,21.0,5.0,14.0,1.0,1.0,0.0,0.0,0.0
309,25.0,2.0,17.0,0.0,1.0,4.0,0.0,1.0
310,20.0,6.0,13.0,0.0,1.0,0.0,0.0,0.0
311,18.0,5.0,12.0,0.0,0.0,0.0,0.0,1.0
312,9.0,0.0,7.0,0.0,2.0,0.0,0.0,0.0
313,26.0,5.0,19.0,1.0,0.0,0.0,0.0,1.0
314,5.0,0.0,5.0,0.0,0.0,0.0,0.0,0.0
315,14.0,3.0,9.0,0.0,2.0,0.0,0.0,0.0
316,4.0,2.0,2.0,0.0,0.0,0.0,0.0,0.0
317,7.0,3.0,4.0,0.0,0.0,0.0,0.0,0.0
318,9.0,2.0,5.0,2.0,0.0,0.0,0.0,0.0
319,22.0,4.0,16.0,1.0,0.0,1.0,0.0,0.0
320,6.0,0.0,5.0,1.0,0.0,0.0,0.0,0.0
321,9.0,2.0,7.0,0.0,0.0,0.0,0.0,0.0
322,17.0,3.0,13.0,1.0,0.0,0.0,0.0,0.0
323,18.0,3.0,11.0,2.0,0.0,1.0,0.0,1.0
324,19.0,2.0,15.0,0.0,0.0,2.0,0.0,0.0
325,11.0,2.0,8.0,0.0,1.0,0.0,0.0,0.0
326,15.0,3.0,10.0,0.0,0.0,2.0,0.0,0.0
327,7.0,1.0,4.0,0.0,1.0,1.0,0.0,0.0
328,21.0,6.0,13.0,0.0,0.0,2.0,0.0,0.0
329,2.0,1.0,0.0,0.0,1.0,0.0,0.0,0.0
330,14.0,3.0,10.0,0.0,1.0,0.0,0.0,0.0
331,8.0,3.0,3.0,2.0,0.0,0.0,0.0,0.0
332,17.0,8.0,9.0,0.0,0.0,0.0,0.0,0.0
333,11.0,5.0,5.0,0.0,0.0,1.0,0.0,0.0
334,8.0,2.0,4.0,1.0,0.0,1.0,0.0,0.0
335,8.0,2.0,5.0,1.0,0.0,0.0,0.0,0.0
336,9.0,1.0,8.0,0.0,0.0,0.0,0.0,0.0
337,14.0,1.0,13.0,0.0,0.0,0.0,0.0,0.0
338,14.0,2.0,8.0,1.0,1.0,2.0,0.0,0.0
339,17.0,3.0,13.0,0.0,0.0,0.0,0.0,1.0
340,6.0,2.0,2.0,2.0,0.0,0.0,0.0,0.0
341,28.0,6.0,18.0,2.0,0.0,1.0,1.0,0.0
342,10.0,3.0,7.0,0.0,0.0,0.0,0.0,0.0
343,21.0,5.0,14.0,0.0,0.0,1.0,0.0,1.0
344,9.0,1.0,7.0,0.0,1.0,0.0,0.0,0.0
345,10.0,0.0,10.0,0.0,0.0,0.0,0.0,0.0
346,18.0,5.0,11.0,2.0,0.0,0.0,0.0,0.0
347,6.0,1.0,4.0,1.0,0.0,0.0,0.0,0.0
348,18.0,3.0,14.0,0.0,0.0,0.0,0.0,1.0
349,16.0,4.0,11.0,0.0,1.0,0.0,0.0,0.0
350,3.0,0.0,3.0,0.0,0.0,0.0,0.0,0.0
351,8.0,1.0,5.0,0.0,0.0,1.0,0.0,1.0
352,13.0,1.0,10.0,0.0,1.0,1.0,0.0,0.0
353,6.0,2.0,4.0,0.0,0.0,0.0,0.0,0.0
354,24.0,3.0,20.0,1.0,0.0,0.0,0.0,0.0
355,11.0,1.0,6.0,1.0,0.0,3.0,0.0,0.0
356,8.0,1.0,7.0,0.0,0.0,0.0,0.0,0.0
357,8.0,1.0,6.0,0.0,0.0,1.0,0.0,0.0
358,24.0,11.0,10.0,1.0,1.0,1.0,0.0,0.0
359,6.0,2.0,4.0,0.0,0.0,0.0,0.0,0.0
360,8.0,1.0,3.0,3.0,0.0,1.0,0.0,0.0
361,10.0,2.0,6.0,1.0,0.0,0.0,1.0,0.0
362,27.0,2.0,20.0,2.0,0.0,1.0,0.0,2.0
363,19.0,1.0,18.0,0.0,0.0,0.0,0.0,0.0
364,16.0,3.0,10.0,0.0,0.0,2.0,0.0,1.0
365,16.0,4.0,12.0,0.0,0.0,0.0,0.0,0.0
366,15.0,1.0,12.0,0.0,0.0,1.0,0.0,1.0
367,20.0,2.0,16.0,0.0,0.0,1.0,0.0,1.0
368,13.0,1.0,11.0,0.0,0.0,1.0,0.0,0.0
369,11.0,1.0,9.0,1.0,0.0,0.0,0.0,0.0
370,15.0,2.0,12.0,0.0,0.0,1.0,0.0,0.0
371,6.0,2.0,2.0,0.0,0.0,1.0,0.0,1.0
372,17.0,9.0,8.0,0.0,0.0,0.0,0.0,0.0
373,17.0,4.0,9.0,1.0,0.0,2.0,0.0,1.0
374,15.0,0.0,14.0,0.0,0.0,1.0,0.0,0.0
375,6.0,1.0,5.0,0.0,0.0,0.0,0.0,0.0
376,15.0,2.0,9.0,1.0,0.0,3.0,0.0,0.0
377,7.0,2.0,5.0,0.0,0.0,0.0,0.0,0.0
378,11.0,2.0,7.0,1.0,0.0,1.0,0.0,0.0
379,7.0,2.0,3.0,1.0,1.0,0.0,0.0,0.0
380,8.0,4.0,4.0,0.0,0.0,0.0,0.0,0.0
381,4.0,3.0,1.0,0.0,0.0,0.0,0.0,0.0
382,18.0,2.0,14.0,2.0,0.0,0.0,0.0,0.0
383,4.0,1.0,3.0,0.0,0.0,0.0,0.0,0.0
384,4.0,2.0,1.0,1.0,0.0,0.0,0.0,0.0
385,14.0,3.0,11.0,0.0,0.0,0.0,0.0,0.0
386,20.0,7.0,13.0,0.0,0.0,0.0,0.0,0.0
387,24.0,6.0,17.0,0.0,0.0,1.0,0.0,0.0
388,14.0,2.0,12.0,0.0,0.0,0.0,0.0,0.0
389,17.0,2.0,10.0,0.0,4.0,1.0,0.0,0.0
390,18.0,4.0,13.0,0.0,0.0,1.0,0.0,0.0
391,30.0,2.0,18.0,2.0,1.0,5.0,1.0,1.0
392,14.0,2.0,10.0,2.0,0.0,0.0,0.0,0.0
393,14.0,4.0,10.0,0.0,0.0,0.0,0.0,0.0
394,20.0,2.0,14.0,0.0,1.0,1.0,1.0,1.0
395,37.0,5.0,29.0,0.0,1.0,2.0,0.0,0.0
396,8.0,0.0,6.0,1.0,1.0,0.0,0.0,0.0
397,10.0,2.0,7.0,0.0,0.0,1.0,0.0,0.0
398,8.0,0.0,7.0,0.0,0.0,1.0,0.0,0.0
399,16.0,2.0,14.0,0.0,0.0,0.0,0.0,0.0
400,11.0,0.0,11.0,0.0,0.0,0.0,0.0,0.0
401,4.0,2.0,0.0,1.0,1.0,0.0,0.0,0.0
402,10.0,0.0,9.0,1.0,0.0,0.0,0.0,0.0
403,10.0,0.0,9.0,0.0,0.0,1.0,0.0,0.0
404,19.0,5.0,13.0,0.0,0.0,1.0,0.0,0.0
405,6.0,2.0,4.0,0.0,0.0,0.0,0.0,0.0
406,7.0,0.0,7.0,0.0,0.0,0.0,0.0,0.0
407,9.0,0.0,9.0,0.0,0.0,0.0,0.0,0.0
408,17.0,3.0,13.0,1.0,0.0,0.0,0.0,0.0
409,16.0,3.0,9.0,0.0,1.0,2.0,1.0,0.0
410,7.0,2.0,5.0,0.0,0.0,0.0,0.0,0.0
411,10.0,2.0,7.0,0.0,0.0,1.0,0.0,0.0
412,13.0,4.0,9.0,0.0,0.0,0.0,0.0,0.0
413,11.0,2.0,9.0,0.0,0.0,0.0,0.0,0.0
414,10.0,2.0,8.0,0.0,0.0,0.0,0.0,0.0
415,8.0,3.0,5.0,0.0,0.0,0.0,0.0,0.0
416,2.0,0.0,2.0,0.0,0.0,0.0,0.0,0.0
417,6.0,0.0,5.0,0.0,0.0,1.0,0.0,0.0
418,2.0,0.0,1.0,0.0,0.0,1.0,0.0,0.0
419,8.0,2.0,5.0,1.0,0.0,0.0,0.0,0.0
420,4.0,0.0,4.0,0.0,0.0,0.0,0.0,0.0
421,2.0,0.0,2.0,0.0,0.0,0.0,0.0,0.0
422,9.0,0.0,8.0,0.0,0.0,1.0,0.0,0.0
423,10.0,3.0,7.0,0.0,0.0,0.0,0.0,0.0
424,4.0,0.0,4.0,0.0,0.0,0.0,0.0,0.0
425,2.0,0.0,0.0,2.0,0.0,0.0,0.0,0.0
426,16.0,1.0,14.0,0.0,0.0,1.0,0.0,0.0
427,9.0,0.0,8.0,0.0,0.0,0.0,1.0,0.0
428,12.0,1.0,11.0,0.0,0.0,0.0,0.0,0.0
429,18.0,1.0,15.0,1.0,0.0,1.0,0.0,0.0
430,23.0,8.0,12.0,0.0,1.0,1.0,1.0,0.0
431,22.0,4.0,15.0,0.0,0.0,3.0,0.0,0.0
432,28.0,3.0,22.0,0.0,0.0,2.0,1.0,0.0
433,30.0,6.0,21.0,1.0,2.0,0.0,0.0,0.0
434,28.0,3.0,23.0,1.0,0.0,1.0,0.0,0.0
435,21.0,6.0,12.0,1.0,0.0,2.0,0.0,0.0
436,20.0,1.0,18.0,0.0,1.0,0.0,0.0,0.0
437,15.0,4.0,10.0,1.0,0.0,0.0,0.0,0.0
438,20.0,1.0,16.0,0.0,0.0,3.0,0.0,0.0
439,17.0,1.0,15.0,0.0,0.0,1.0,0.0,0.0
440,18.0,3.0,14.0,0.0,0.0,1.0,0.0,0.0
441,17.0,6.0,9.0,0.0,0.0,2.0,0.0,0.0
442,6.0,1.0,4.0,0.0,0.0,1.0,0.0,0.0
443,13.0,3.0,9.0,0.0,0.0,1.0,0.0,0.0
444,7.0,1.0,5.0,1.0,0.0,0.0,0.0,0.0
445,6.0,0.0,6.0,0.0,0.0,0.0,0.0,0.0
446,8.0,0.0,8.0,0.0,0.0,0.0,0.0,0.0
447,10.0,0.0,8.0,0.0,0.0,1.0,1.0,0.0
448,3.0,0.0,3.0,0.0,0.0,0.0,0.0,0.0
449,4.0,1.0,2.0,0.0,0.0,1.0,0.0,0.0
450,1.0,1.0,0.0,0.0,0.0,0.0,0.0,0.0
451,7.0,3.0,4.0,0.0,0.0,0.0,0.0,0.0
452,10.0,3.0,6.0,0.0,0.0,0.0,0.0,1.0
453,4.0,1.0,3.0,0.0,0.0,0.0,0.0,0.0
454,3.0,0.0,3.0,0.0,0.0,0.0,0.0,0.0
455,2.0,1.0,1.0,0.0,0.0,0.0,0.0,0.0
456,6.0,1.0,5.0,0.0,0.0,0.0,0.0,0.0
457,2.0,0.0,1.0,0.0,0.0,1.0,0.0,0.0
458,2.0,1.0,0.0,0.0,0.0,0.0,1.0,0.0
459,7.0,0.0,6.0,0.0,0.0,0.0,0.0,1.0
460,12.0,1.0,10.0,0.0,0.0,0.0,1.0,0.0
461,11.0,1.0,6.0,0.0,0.0,4.0,0.0,0.0
462,13.0,4.0,8.0,0.0,0.0,1.0,0.0,0.0
463,16.0,2.0,13.0,0.0,0.0,1.0,0.0,0.0
464,12.0,2.0,9.0,0.0,0.0,1.0,0.0,0.0
465,7.0,0.0,5.0,0.0,0.0,2.0,0.0,0.0
466,4.0,1.0,3.0,0.0,0.0,0.0,0.0,0.0
467,9.0,1.0,8.0,0.0,0.0,0.0,0.0,0.0
468,2.0,0.0,0.0,0.0,0.0,2.0,0.0,0.0
469,12.0,0.0,11.0,0.0,0.0,0.0,0.0,1.0
470,1.0,0.0,0.0,1.0,0.0,0.0,0.0,0.0
471,3.0,0.0,3.0,0.0,0.0,0.0,0.0,0.0
472,8.0,0.0,7.0,0.0,0.0,1.0,0.0,0.0
473,2.0,1.0,1.0,0.0,0.0,0.0,0.0,0.0
474,9.0,4.0,4.0,0.0,0.0,0.0,0.0,1.0
475,7.0,0.0,7.0,0.0,0.0,0.0,0.0,0.0
476,0.0,0.0,0.0,0.0,0.0,0.0,0.0,0.0
477,3.0,0.0,3.0,0.0,0.0,0.0,0.0,0.0
478,11.0,5.0,5.0,0.0,0.0,1.0,0.0,0.0
479,0.0,0.0,0.0,0.0,0.0,0.0,0.0,0.0
480,10.0,0.0,9.0,1.0,0.0,0.0,0.0,0.0
481,3.0,0.0,1.0,1.0,0.0,1.0,0.0,0.0
482,10.0,1.0,9.0,0.0,0.0,0.0,0.0,0.0
483,2.0,0.0,0.0,2.0,0.0,0.0,0.0,0.0
484,8.0,2.0,5.0,0.0,0.0,1.0,0.0,0.0
485,1.0,0.0,1.0,0.0,0.0,0.0,0.0,0.0
486,17.0,2.0,14.0,0.0,0.0,1.0,0.0,0.0
487,1.0,0.0,0.0,0.0,1.0,0.0,0.0,0.0
488,6.0,0.0,5.0,0.0,0.0,1.0,0.0,0.0
489,1.0,1.0,0.0,0.0,0.0,0.0,0.0,0.0
490,1.0,0.0,0.0,0.0,0.0,0.0,0.0,1.0
491,9.0,0.0,8.0,0.0,0.0,1.0,0.0,0.0
492,10.0,2.0,5.0,0.0,0.0,3.0,0.0,0.0
493,0.0,0.0,0.0,0.0,0.0,0.0,0.0,0.0
494,1.0,0.0,1.0,0.0,0.0,0.0,0.0,0.0
495,14.0,0.0,11.0,0.0,1.0,2.0,0.0,0.0
496,7.0,0.0,7.0,0.0,0.0,0.0,0.0,0.0
497,1.0,0.0,0.0,0.0,0.0,1.0,0.0,0.0
498,7.0,0.0,5.0,0.0,0.0,2.0,0.0,0.0
499,6.0,0.0,4.0,1.0,0.0,1.0,0.0,0.0
500,5.0,2.0,2.0,1.0,0.0,0.0,0.0,0.0
501,6.0,0.0,3.0,0.0,0.0,3.0,0.0,0.0
502,1.0,0.0,1.0,0.0,0.0,0.0,0.0,0.0
503,0.0,0.0,0.0,0.0,0.0,0.0,0.0,0.0
504,10.0,0.0,9.0,0.0,0.0,0.0,1.0,0.0
505,1.0,0.0,0.0,1.0,0.0,0.0,0.0,0.0
506,2.0,1.0,1.0,0.0,0.0,0.0,0.0,0.0
507,3.0,0.0,2.0,0.0,0.0,1.0,0.0,0.0
508,15.0,1.0,13.0,0.0,0.0,1.0,0.0,0.0
509,4.0,0.0,4.0,0.0,0.0,0.0,0.0,0.0
510,4.0,2.0,2.0,0.0,0.0,0.0,0.0,0.0
511,3.0,0.0,3.0,0.0,0.0,0.0,0.0,0.0
512,10.0,2.0,6.0,0.0,0.0,1.0,1.0,0.0
513,4.0,1.0,2.0,0.0,0.0,1.0,0.0,0.0
514,2.0,0.0,2.0,0.0,0.0,0.0,0.0,0.0
515,3.0,0.0,2.0,0.0,1.0,0.0,0.0,0.0
516,8.0,1.0,7.0,0.0,0.0,0.0,0.0,0.0
517,23.0,2.0,20.0,0.0,0.0,1.0,0.0,0.0
518,13.0,0.0,11.0,0.0,0.0,2.0,0.0,0.0
519,15.0,0.0,11.0,3.0,0.0,0.0,0.0,1.0
520,8.0,2.0,5.0,0.0,1.0,0.0,0.0,0.0
521,9.0,1.0,6.0,0.0,0.0,2.0,0.0,0.0
522,21.0,1.0,16.0,2.0,1.0,1.0,0.0,0.0
523,11.0,4.0,6.0,0.0,0.0,1.0,0.0,0.0
524,10.0,3.0,6.0,1.0,0.0,0.0,0.0,0.0
525,9.0,2.0,7.0,0.0,0.0,0.0,0.0,0.0
526,10.0,0.0,8.0,2.0,0.0,0.0,0.0,0.0
527,8.0,0.0,8.0,0.0,0.0,0.0,0.0,0.0
528,42.0,0.0,34.0,1.0,0.0,6.0,0.0,1.0
529,32.0,6.0,20.0,0.0,2.0,3.0,1.0,0.0
530,20.0,4.0,13.0,0.0,0.0,2.0,1.0,0.0
531,15.0,2.0,12.0,0.0,0.0,1.0,0.0,0.0
532,10.0,1.0,6.0,0.0,0.0,3.0,0.0,0.0
533,5.0,0.0,4.0,0.0,0.0,1.0,0.0,0.0
534,12.0,3.0,5.0,0.0,0.0,3.0,1.0,0.0
535,11.0,7.0,4.0,0.0,0.0,0.0,0.0,0.0
536,8.0,1.0,5.0,0.0,0.0,2.0,0.0,0.0
537,9.0,1.0,6.0,0.0,0.0,2.0,0.0,0.0
538,13.0,5.0,7.0,1.0,0.0,0.0,0.0,0.0
539,2.0,0.0,2.0,0.0,0.0,0.0,0.0,0.0
540,5.0,2.0,3.0,0.0,0.0,0.0,0.0,0.0
541,14.0,7.0,7.0,0.0,0.0,0.0,0.0,0.0
542,4.0,1.0,2.0,1.0,0.0,0.0,0.0,0.0
543,13.0,1.0,9.0,0.0,1.0,2.0,0.0,0.0
544,8.0,0.0,8.0,0.0,0.0,0.0,0.0,0.0
545,3.0,1.0,1.0,0.0,1.0,0.0,0.0,0.0
546,0.0,0.0,0.0,0.0,0.0,0.0,0.0,0.0
547,8.0,1.0,7.0,0.0,0.0,0.0,0.0,0.0
548,12.0,3.0,6.0,1.0,0.0,1.0,1.0,0.0
549,8.0,1.0,4.0,0.0,0.0,3.0,0.0,0.0
550,10.0,1.0,8.0,0.0,0.0,0.0,0.0,1.0
551,29.0,4.0,21.0,0.0,0.0,4.0,0.0,0.0
552,15.0,2.0,9.0,0.0,2.0,1.0,0.0,1.0
553,3.0,1.0,2.0,0.0,0.0,0.0,0.0,0.0
554,9.0,0.0,9.0,0.0,0.0,0.0,0.0,0.0
555,8.0,1.0,6.0,0.0,0.0,1.0,0.0,0.0
556,11.0,2.0,9.0,0.0,0.0,0.0,0.0,0.0
557,7.0,0.0,6.0,0.0,0.0,1.0,0.0,0.0
558,3.0,1.0,2.0,0.0,0.0,0.0,0.0,0.0
559,3.0,1.0,2.0,0.0,0.0,0.0,0.0,0.0
560,8.0,0.0,7.0,0.0,0.0,1.0,0.0,0.0
561,12.0,0.0,9.0,1.0,0.0,2.0,0.0,0.0
562,1.0,0.0,1.0,0.0,0.0,0.0,0.0,0.0
563,11.0,0.0,7.0,1.0,1.0,2.0,0.0,0.0
564,13.0,1.0,10.0,0.0,2.0,0.0,0.0,0.0
565,28.0,3.0,22.0,0.0,0.0,3.0,0.0,0.0
566,19.0,3.0,12.0,0.0,1.0,3.0,0.0,0.0
567,18.0,1.0,13.0,2.0,0.0,2.0,0.0,0.0
568,13.0,1.0,9.0,0.0,0.0,3.0,0.0,0.0
569,32.0,4.0,21.0,0.0,0.0,7.0,0.0,0.0
570,34.0,4.0,25.0,3.0,0.0,2.0,0.0,0.0
571,29.0,3.0,21.0,0.0,3.0,2.0,0.0,0.0
572,12.0,1.0,5.0,1.0,0.0,4.0,1.0,0.0
573,10.0,1.0,6.0,1.0,1.0,1.0,0.0,0.0
574,25.0,8.0,14.0,0.0,0.0,3.0,0.0,0.0
575,35.0,9.0,22.0,0.0,0.0,3.0,0.0,1.0
576,20.0,5.0,12.0,0.0,0.0,3.0,0.0,0.0
577,13.0,1.0,9.0,2.0,0.0,1.0,0.0,0.0
578,25.0,1.0,17.0,0.0,1.0,6.0,0.0,0.0
579,25.0,2.0,20.0,0.0,0.0,3.0,0.0,0.0
580,22.0,3.0,18.0,0.0,0.0,0.0,0.0,1.0
581,3.0,0.0,1.0,0.0,0.0,2.0,0.0,0.0
582,7.0,0.0,7.0,0.0,0.0,0.0,0.0,0.0
583,2.0,0.0,1.0,1.0,0.0,0.0,0.0,0.0
584,7.0,2.0,3.0,2.0,0.0,0.0,0.0,0.0
585,9.0,1.0,7.0,0.0,0.0,1.0,0.0,0.0
586,2.0,0.0,2.0,0.0,0.0,0.0,0.0,0.0
587,1.0,0.0,1.0,0.0,0.0,0.0,0.0,0.0
588,7.0,0.0,6.0,0.0,0.0,1.0,0.0,0.0
589,4.0,1.0,3.0,0.0,0.0,0.0,0.0,0.0
590,15.0,0.0,13.0,0.0,0.0,2.0,0.0,0.0
591,1.0,0.0,1.0,0.0,0.0,0.0,0.0,0.0
592,1.0,0.0,1.0,0.0,0.0,0.0,0.0,0.0
593,2.0,1.0,1.0,0.0,0.0,0.0,0.0,0.0
594,0.0,0.0,0.0,0.0,0.0,0.0,0.0,0.0
595,3.0,0.0,3.0,0.0,0.0,0.0,0.0,0.0
596,0.0,0.0,0.0,0.0,0.0,0.0,0.0,0.0
597,3.0,0.0,3.0,0.0,0.0,0.0,0.0,0.0
598,3.0,0.0,2.0,0.0,0.0,1.0,0.0,0.0
599,10.0,0.0,9.0,1.0,0.0,0.0,0.0,0.0
600,11.0,3.0,8.0,0.0,0.0,0.0,0.0,0.0
601,2.0,0.0,2.0,0.0,0.0,0.0,0.0,0.0
602,4.0,2.0,1.0,1.0,0.0,0.0,0.0,0.0
603,2.0,1.0,1.0,0.0,0.0,0.0,0.0,0.0
604,10.0,1.0,7.0,1.0,0.0,1.0,0.0,0.0
605,36.0,4.0,28.0,0.0,0.0,3.0,0.0,1.0
606,26.0,4.0,14.0,1.0,1.0,5.0,0.0,1.0
607,16.0,1.0,9.0,2.0,0.0,4.0,0.0,0.0
608,16.0,1.0,14.0,0.0,0.0,1.0,0.0,0.0
609,20.0,4.0,14.0,2.0,0.0,0.0,0.0,0.0
610,13.0,8.0,4.0,1.0,0.0,0.0,0.0,0.0
611,9.0,2.0,6.0,0.0,0.0,0.0,1.0,0.0
612,1.0,0.0,1.0,0.0,0.0,0.0,0.0,0.0
613,1.0,0.0,1.0,0.0,0.0,0.0,0.0,0.0
614,19.0,0.0,18.0,0.0,0.0,0.0,1.0,0.0
615,1.0,0.0,1.0,0.0,0.0,0.0,0.0,0.0
616,5.0,0.0,5.0,0.0,0.0,0.0,0.0,0.0
617,8.0,1.0,6.0,0.0,0.0,1.0,0.0,0.0
618,12.0,2.0,8.0,0.0,0.0,2.0,0.0,0.0
619,6.0,1.0,3.0,0.0,0.0,2.0,0.0,0.0
620,7.0,2.0,4.0,0.0,0.0,1.0,0.0,0.0
621,6.0,0.0,4.0,1.0,0.0,1.0,0.0,0.0
622,21.0,4.0,15.0,1.0,0.0,0.0,0.0,1.0
623,1.0,0.0,1.0,0.0,0.0,0.0,0.0,0.0
624,9.0,1.0,8.0,0.0,0.0,0.0,0.0,0.0
625,7.0,1.0,5.0,0.0,0.0,0.0,0.0,1.0
626,12.0,1.0,11.0,0.0,0.0,0.0,0.0,0.0
627,6.0,0.0,5.0,0.0,0.0,1.0,0.0,0.0
628,5.0,0.0,5.0,0.0,0.0,0.0,0.0,0.0
629,10.0,2.0,6.0,1.0,1.0,0.0,0.0,0.0
630,2.0,0.0,2.0,0.0,0.0,0.0,0.0,0.0
631,5.0,0.0,5.0,0.0,0.0,0.0,0.0,0.0
632,0.0,0.0,0.0,0.0,0.0,0.0,0.0,0.0
633,13.0,0.0,11.0,2.0,0.0,0.0,0.0,0.0
634,7.0,0.0,6.0,1.0,0.0,0.0,0.0,0.0
635,16.0,0.0,14.0,0.0,0.0,2.0,0.0,0.0
636,13.0,2.0,9.0,0.0,0.0,2.0,0.0,0.0
637,22.0,2.0,17.0,0.0,0.0,3.0,0.0,0.0
638,22.0,5.0,8.0,1.0,0.0,5.0,1.0,2.0
639,28.0,3.0,22.0,2.0,0.0,1.0,0.0,0.0
640,25.0,3.0,19.0,0.0,0.0,2.0,1.0,0.0
641,27.0,0.0,17.0,6.0,0.0,4.0,0.0,0.0
642,39.0,6.0,25.0,2.0,0.0,3.0,1.0,2.0
643,20.0,6.0,11.0,1.0,0.0,2.0,0.0,0.0
644,20.0,3.0,11.0,1.0,0.0,5.0,0.0,0.0
645,22.0,0.0,20.0,0.0,0.0,2.0,0.0,0.0
646,30.0,2.0,22.0,3.0,1.0,0.0,1.0,1.0
647,55.0,11.0,27.0,2.0,0.0,13.0,1.0,1.0
648,25.0,3.0,16.0,1.0,1.0,2.0,2.0,0.0
649,11.0,2.0,6.0,1.0,0.0,2.0,0.0,0.0
650,13.0,2.0,9.0,0.0,1.0,1.0,0.0,0.0
651,16.0,1.0,12.0,0.0,1.0,2.0,0.0,0.0
652,18.0,3.0,8.0,0.0,0.0,5.0,2.0,0.0
653,23.0,2.0,14.0,1.0,0.0,4.0,1.0,1.0
654,29.0,2.0,17.0,1.0,0.0,9.0,0.0,0.0
655,3.0,1.0,2.0,0.0,0.0,0.0,0.0,0.0
656,12.0,1.0,8.0,1.0,1.0,0.0,1.0,0.0
657,11.0,1.0,8.0,0.0,1.0,1.0,0.0,0.0
658,7.0,0.0,4.0,1.0,0.0,2.0,0.0,0.0
659,2.0,0.0,2.0,0.0,0.0,0.0,0.0,0.0
660,5.0,0.0,2.0,2.0,0.0,0.0,0.0,1.0
661,5.0,3.0,2.0,0.0,0.0,0.0,0.0,0.0
662,1.0,1.0,0.0,0.0,0.0,0.0,0.0,0.0
663,9.0,1.0,7.0,1.0,0.0,0.0,0.0,0.0
664,0.0,0.0,0.0,0.0,0.0,0.0,0.0,0.0
665,10.0,3.0,7.0,0.0,0.0,0.0,0.0,0.0
666,14.0,1.0,7.0,6.0,0.0,0.0,0.0,0.0
667,8.0,0.0,4.0,2.0,0.0,2.0,0.0,0.0
668,22.0,3.0,18.0,0.0,0.0,0.0,0.0,1.0
669,46.0,7.0,28.0,7.0,2.0,2.0,0.0,0.0
670,33.0,8.0,19.0,2.0,0.0,4.0,0.0,0.0
671,32.0,6.0,23.0,0.0,1.0,2.0,0.0,0.0
672,35.0,5.0,24.0,0.0,0.0,6.0,0.0,0.0
673,39.0,9.0,21.0,1.0,0.0,8.0,0.0,0.0
674,46.0,13.0,28.0,0.0,0.0,5.0,0.0,0.0
675,35.0,10.0,19.0,2.0,0.0,4.0,0.0,0.0
676,34.0,8.0,21.0,0.0,2.0,3.0,0.0,0.0
677,38.0,4.0,25.0,2.0,0.0,7.0,0.0,0.0
678,34.0,5.0,22.0,3.0,0.0,3.0,1.0,0.0
679,52.0,5.0,36.0,2.0,0.0,9.0,0.0,0.0
680,60.0,17.0,26.0,4.0,2.0,11.0,0.0,0.0
681,42.0,6.0,23.0,3.0,1.0,6.0,3.0,0.0
682,42.0,4.0,32.0,0.0,1.0,5.0,0.0,0.0
683,31.0,7.0,16.0,3.0,2.0,3.0,0.0,0.0
684,50.0,3.0,33.0,1.0,1.0,8.0,3.0,1.0
685,45.0,5.0,32.0,1.0,0.0,6.0,0.0,1.0
686,39.0,5.0,31.0,0.0,0.0,2.0,1.0,0.0
687,38.0,2.0,30.0,0.0,0.0,6.0,0.0,0.0
688,33.0,4.0,23.0,1.0,0.0,4.0,1.0,0.0
689,26.0,3.0,18.0,1.0,0.0,4.0,0.0,0.0
690,36.0,5.0,25.0,1.0,0.0,4.0,0.0,1.0
691,41.0,6.0,29.0,1.0,0.0,5.0,0.0,0.0
692,18.0,2.0,14.0,0.0,0.0,2.0,0.0,0.0
693,30.0,9.0,15.0,4.0,0.0,2.0,0.0,0.0
694,21.0,1.0,15.0,0.0,1.0,4.0,0.0,0.0
695,25.0,9.0,10.0,1.0,0.0,5.0,0.0,0.0
696,28.0,2.0,16.0,1.0,1.0,6.0,1.0,1.0
697,25.0,8.0,10.0,4.0,0.0,3.0,0.0,0.0
698,23.0,5.0,14.0,0.0,0.0,4.0,0.0,0.0
699,22.0,2.0,13.0,2.0,0.0,5.0,0.0,0.0
700,17.0,3.0,9.0,0.0,1.0,4.0,0.0,0.0
701,19.0,3.0,13.0,0.0,0.0,3.0,0.0,0.0
702,11.0,3.0,7.0,0.0,0.0,0.0,0.0,1.0
703,39.0,17.0,18.0,2.0,0.0,2.0,0.0,0.0
704,35.0,6.0,22.0,0.0,0.0,6.0,1.0,0.0
705,6.0,1.0,4.0,0.0,0.0,1.0,0.0,0.0
706,3.0,0.0,2.0,1.0,0.0,0.0,0.0,0.0
707,3.0,0.0,3.0,0.0,0.0,0.0,0.0,0.0
708,15.0,1.0,13.0,0.0,0.0,1.0,0.0,0.0
709,7.0,1.0,3.0,2.0,0.0,1.0,0.0,0.0
710,16.0,0.0,13.0,0.0,0.0,3.0,0.0,0.0
711,17.0,1.0,10.0,1.0,0.0,4.0,0.0,1.0
712,12.0,1.0,9.0,0.0,0.0,2.0,0.0,0.0
713,11.0,1.0,8.0,2.0,0.0,0.0,0.0,0.0
714,9.0,1.0,3.0,4.0,0.0,1.0,0.0,0.0
715,12.0,6.0,6.0,0.0,0.0,0.0,0.0,0.0
716,7.0,1.0,6.0,0.0,0.0,0.0,0.0,0.0
717,11.0,2.0,9.0,0.0,0.0,0.0,0.0,0.0
718,7.0,1.0,5.0,1.0,0.0,0.0,0.0,0.0
719,6.0,1.0,4.0,0.0,0.0,1.0,0.0,0.0
720,2.0,0.0,2.0,0.0,0.0,0.0,0.0,0.0
721,11.0,0.0,10.0,1.0,0.0,0.0,0.0,0.0
722,13.0,2.0,8.0,0.0,0.0,3.0,0.0,0.0
723,13.0,1.0,8.0,1.0,0.0,3.0,0.0,0.0
724,2.0,1.0,1.0,0.0,0.0,0.0,0.0,0.0
725,5.0,1.0,3.0,0.0,0.0,1.0,0.0,0.0
726,3.0,0.0,3.0,0.0,0.0,0.0,0.0,0.0
727,1.0,0.0,1.0,0.0,0.0,0.0,0.0,0.0
728,6.0,0.0,5.0,0.0,0.0,1.0,0.0,0.0
729,3.0,0.0,3.0,0.0,0.0,0.0,0.0,0.0
730,7.0,0.0,7.0,0.0,0.0,0.0,0.0,0.0
731,14.0,0.0,13.0,0.0,0.0,1.0,0.0,0.0
732,17.0,1.0,10.0,0.0,0.0,6.0,0.0,0.0
733,38.0,4.0,29.0,0.0,1.0,3.0,0.0,1.0
734,23.0,2.0,15.0,1.0,0.0,5.0,0.0,0.0
735,11.0,5.0,5.0,0.0,0.0,1.0,0.0,0.0
736,6.0,2.0,3.0,0.0,0.0,1.0,0.0,0.0
737,7.0,0.0,4.0,0.0,1.0,2.0,0.0,0.0
738,5.0,1.0,2.0,0.0,1.0,1.0,0.0,0.0
739,19.0,2.0,14.0,0.0,0.0,2.0,1.0,0.0
740,26.0,4.0,15.0,2.0,0.0,5.0,0.0,0.0
741,71.0,8.0,59.0,0.0,0.0,4.0,0.0,0.0
742,30.0,9.0,18.0,0.0,1.0,2.0,0.0,0.0
743,78.0,22.0,44.0,5.0,1.0,5.0,1.0,0.0
744,40.0,4.0,26.0,4.0,0.0,6.0,0.0,0.0
745,33.0,11.0,16.0,1.0,1.0,3.0,1.0,0.0
746,36.0,6.0,19.0,2.0,3.0,6.0,0.0,0.0
747,57.0,3.0,42.0,3.0,0.0,7.0,2.0,0.0
748,19.0,3.0,8.0,1.0,1.0,5.0,1.0,0.0
749,36.0,7.0,24.0,0.0,2.0,3.0,0.0,0.0
750,23.0,5.0,11.0,2.0,0.0,5.0,0.0,0.0
751,24.0,1.0,18.0,0.0,1.0,3.0,1.0,0.0
752,37.0,13.0,20.0,0.0,0.0,4.0,0.0,0.0
753,4.0,3.0,1.0,0.0,0.0,0.0,0.0,0.0
754,8.0,3.0,5.0,0.0,0.0,0.0,0.0,0.0
755,4.0,0.0,4.0,0.0,0.0,0.0,0.0,0.0
756,10.0,3.0,6.0,0.0,0.0,1.0,0.0,0.0
757,1.0,0.0,0.0,1.0,0.0,0.0,0.0,0.0
758,4.0,0.0,4.0,0.0,0.0,0.0,0.0,0.0
759,3.0,0.0,2.0,0.0,0.0,1.0,0.0,0.0
760,2.0,0.0,2.0,0.0,0.0,0.0,0.0,0.0
761,5.0,0.0,5.0,0.0,0.0,0.0,0.0,0.0
762,6.0,2.0,3.0,0.0,0.0,1.0,0.0,0.0
763,2.0,0.0,2.0,0.0,0.0,0.0,0.0,0.0
764,6.0,0.0,6.0,0.0,0.0,0.0,0.0,0.0
765,6.0,0.0,4.0,1.0,0.0,1.0,0.0,0.0
766,25.0,2.0,20.0,2.0,0.0,1.0,0.0,0.0
767,6.0,0.0,4.0,0.0,0.0,2.0,0.0,0.0
768,6.0,0.0,5.0,0.0,0.0,1.0,0.0,0.0
769,7.0,3.0,3.0,1.0,0.0,0.0,0.0,0.0
770,2.0,0.0,1.0,0.0,1.0,0.0,0.0,0.0
771,19.0,4.0,13.0,0.0,0.0,2.0,0.0,0.0
772,9.0,0.0,7.0,1.0,0.0,0.0,1.0,0.0
773,6.0,1.0,3.0,1.0,0.0,1.0,0.0,0.0
774,5.0,0.0,5.0,0.0,0.0,0.0,0.0,0.0
775,2.0,0.0,2.0,0.0,0.0,0.0,0.0,0.0
776,6.0,0.0,5.0,0.0,0.0,1.0,0.0,0.0
777,0.0,0.0,0.0,0.0,0.0,0.0,0.0,0.0
778,2.0,0.0,2.0,0.0,0.0,0.0,0.0,0.0
779,0.0,0.0,0.0,0.0,0.0,0.0,0.0,0.0
780,1.0,0.0,1.0,0.0,0.0,0.0,0.0,0.0
781,1.0,0.0,0.0,1.0,0.0,0.0,0.0,0.0
782,1.0,0.0,1.0,0.0,0.0,0.0,0.0,0.0
