,total,상승세,상승,올라,급등,상승…,오름세,상승..,상승...
0,20.0,1.0,9.0,6.0,3.0,1.0,0.0,0.0,0.0
1,16.0,3.0,3.0,3.0,1.0,1.0,5.0,0.0,0.0
2,12.0,2.0,3.0,4.0,0.0,1.0,2.0,0.0,0.0
3,25.0,6.0,8.0,3.0,5.0,0.0,3.0,0.0,0.0
4,25.0,3.0,12.0,9.0,0.0,1.0,0.0,0.0,0.0
5,11.0,2.0,4.0,2.0,1.0,0.0,2.0,0.0,0.0
6,12.0,0.0,5.0,5.0,1.0,0.0,1.0,0.0,0.0
7,14.0,0.0,5.0,4.0,4.0,0.0,1.0,0.0,0.0
8,39.0,3.0,19.0,7.0,6.0,1.0,2.0,1.0,0.0
9,22.0,1.0,13.0,5.0,2.0,0.0,1.0,0.0,0.0
10,31.0,6.0,11.0,6.0,5.0,2.0,1.0,0.0,0.0
11,16.0,3.0,3.0,6.0,4.0,0.0,0.0,0.0,0.0
12,14.0,2.0,3.0,3.0,2.0,1.0,3.0,0.0,0.0
13,16.0,6.0,5.0,3.0,2.0,0.0,0.0,0.0,0.0
14,12.0,5.0,3.0,1.0,1.0,0.0,2.0,0.0,0.0
15,14.0,3.0,7.0,3.0,0.0,1.0,0.0,0.0,0.0
16,39.0,4.0,16.0,12.0,4.0,3.0,0.0,0.0,0.0
17,23.0,5.0,5.0,7.0,4.0,1.0,0.0,1.0,0.0
18,13.0,2.0,7.0,1.0,0.0,0.0,3.0,0.0,0.0
19,24.0,9.0,6.0,4.0,2.0,0.0,3.0,0.0,0.0
20,14.0,3.0,5.0,1.0,5.0,0.0,0.0,0.0,0.0
21,30.0,0.0,11.0,9.0,3.0,5.0,2.0,0.0,0.0
22,7.0,1.0,2.0,2.0,1.0,0.0,1.0,0.0,0.0
23,13.0,2.0,5.0,5.0,1.0,0.0,0.0,0.0,0.0
24,18.0,4.0,6.0,6.0,1.0,0.0,1.0,0.0,0.0
25,2.0,0.0,2.0,0.0,0.0,0.0,0.0,0.0,0.0
26,8.0,2.0,3.0,1.0,1.0,0.0,1.0,0.0,0.0
27,3.0,0.0,2.0,0.0,0.0,0.0,1.0,0.0,0.0
28,8.0,1.0,2.0,2.0,1.0,0.0,2.0,0.0,0.0
29,14.0,2.0,5.0,4.0,3.0,0.0,0.0,0.0,0.0
30,5.0,0.0,3.0,0.0,2.0,0.0,0.0,0.0,0.0
31,9.0,0.0,6.0,2.0,0.0,0.0,1.0,0.0,0.0
32,6.0,0.0,4.0,2.0,0.0,0.0,0.0,0.0,0.0
33,5.0,0.0,3.0,1.0,0.0,0.0,1.0,0.0,0.0
34,13.0,0.0,7.0,4.0,0.0,1.0,1.0,0.0,0.0
35,18.0,2.0,7.0,6.0,3.0,0.0,0.0,0.0,0.0
36,15.0,1.0,5.0,6.0,2.0,0.0,1.0,0.0,0.0
37,25.0,7.0,10.0,2.0,4.0,0.0,2.0,0.0,0.0
38,26.0,2.0,7.0,7.0,9.0,0.0,1.0,0.0,0.0
39,10.0,2.0,3.0,1.0,1.0,0.0,3.0,0.0,0.0
40,30.0,4.0,15.0,8.0,3.0,0.0,0.0,0.0,0.0
41,23.0,7.0,4.0,5.0,2.0,0.0,5.0,0.0,0.0
42,30.0,3.0,16.0,4.0,7.0,0.0,0.0,0.0,0.0
43,16.0,1.0,5.0,1.0,9.0,0.0,0.0,0.0,0.0
44,29.0,1.0,12.0,10.0,4.0,1.0,1.0,0.0,0.0
45,17.0,6.0,2.0,4.0,4.0,0.0,1.0,0.0,0.0
46,14.0,6.0,5.0,1.0,1.0,0.0,1.0,0.0,0.0
47,30.0,5.0,6.0,7.0,5.0,1.0,3.0,3.0,0.0
48,29.0,4.0,12.0,5.0,6.0,0.0,2.0,0.0,0.0
49,11.0,1.0,5.0,3.0,1.0,1.0,0.0,0.0,0.0
50,7.0,3.0,3.0,1.0,0.0,0.0,0.0,0.0,0.0
51,12.0,0.0,9.0,1.0,0.0,1.0,1.0,0.0,0.0
52,17.0,2.0,6.0,4.0,3.0,0.0,1.0,1.0,0.0
53,3.0,0.0,2.0,0.0,1.0,0.0,0.0,0.0,0.0
54,8.0,2.0,1.0,1.0,3.0,0.0,1.0,0.0,0.0
55,10.0,1.0,3.0,3.0,0.0,1.0,0.0,2.0,0.0
56,19.0,3.0,8.0,2.0,1.0,2.0,0.0,1.0,2.0
57,6.0,4.0,2.0,0.0,0.0,0.0,0.0,0.0,0.0
58,17.0,0.0,6.0,2.0,5.0,0.0,4.0,0.0,0.0
59,16.0,2.0,10.0,1.0,3.0,0.0,0.0,0.0,0.0
60,27.0,2.0,14.0,3.0,5.0,1.0,1.0,1.0,0.0
61,10.0,1.0,3.0,4.0,1.0,0.0,1.0,0.0,0.0
62,25.0,1.0,12.0,4.0,5.0,0.0,2.0,0.0,1.0
63,11.0,0.0,6.0,3.0,2.0,0.0,0.0,0.0,0.0
64,10.0,1.0,5.0,3.0,1.0,0.0,0.0,0.0,0.0
65,6.0,2.0,1.0,1.0,2.0,0.0,0.0,0.0,0.0
66,7.0,1.0,3.0,1.0,1.0,0.0,1.0,0.0,0.0
67,3.0,0.0,2.0,0.0,0.0,1.0,0.0,0.0,0.0
68,8.0,1.0,6.0,0.0,0.0,1.0,0.0,0.0,0.0
69,26.0,5.0,13.0,5.0,2.0,0.0,0.0,0.0,1.0
70,11.0,2.0,5.0,3.0,0.0,0.0,1.0,0.0,0.0
71,8.0,0.0,5.0,2.0,1.0,0.0,0.0,0.0,0.0
72,8.0,0.0,2.0,0.0,3.0,0.0,3.0,0.0,0.0
73,46.0,0.0,26.0,6.0,6.0,5.0,1.0,2.0,0.0
74,21.0,2.0,8.0,3.0,4.0,0.0,4.0,0.0,0.0
75,18.0,5.0,6.0,0.0,4.0,3.0,0.0,0.0,0.0
76,14.0,1.0,6.0,2.0,0.0,2.0,3.0,0.0,0.0
77,14.0,2.0,4.0,5.0,1.0,0.0,1.0,1.0,0.0
78,11.0,2.0,7.0,1.0,1.0,0.0,0.0,0.0,0.0
79,6.0,0.0,1.0,3.0,0.0,0.0,2.0,0.0,0.0
80,6.0,2.0,1.0,2.0,0.0,0.0,1.0,0.0,0.0
81,6.0,2.0,3.0,1.0,0.0,0.0,0.0,0.0,0.0
82,21.0,3.0,9.0,2.0,3.0,0.0,3.0,1.0,0.0
83,8.0,0.0,5.0,2.0,1.0,0.0,0.0,0.0,0.0
84,5.0,1.0,1.0,2.0,1.0,0.0,0.0,0.0,0.0
85,13.0,1.0,5.0,6.0,1.0,0.0,0.0,0.0,0.0
86,10.0,0.0,7.0,2.0,1.0,0.0,0.0,0.0,0.0
87,9.0,1.0,2.0,4.0,0.0,0.0,0.0,2.0,0.0
88,9.0,1.0,2.0,5.0,1.0,0.0,0.0,0.0,0.0
89,7.0,1.0,3.0,2.0,0.0,0.0,0.0,0.0,1.0
90,2.0,0.0,1.0,1.0,0.0,0.0,0.0,0.0,0.0
91,13.0,2.0,7.0,2.0,1.0,0.0,1.0,0.0,0.0
92,17.0,2.0,11.0,2.0,2.0,0.0,0.0,0.0,0.0
93,13.0,2.0,8.0,1.0,1.0,0.0,1.0,0.0,0.0
94,7.0,0.0,1.0,4.0,2.0,0.0,0.0,0.0,0.0
95,9.0,1.0,6.0,2.0,0.0,0.0,0.0,0.0,0.0
96,17.0,2.0,5.0,3.0,4.0,2.0,0.0,1.0,0.0
97,19.0,0.0,8.0,4.0,5.0,0.0,2.0,0.0,0.0
98,7.0,2.0,2.0,0.0,3.0,0.0,0.0,0.0,0.0
99,6.0,2.0,3.0,1.0,0.0,0.0,0.0,0.0,0.0
100,6.0,0.0,2.0,2.0,1.0,1.0,0.0,0.0,0.0
101,4.0,0.0,4.0,0.0,0.0,0.0,0.0,0.0,0.0
102,10.0,1.0,5.0,3.0,0.0,0.0,1.0,0.0,0.0
103,8.0,2.0,4.0,0.0,2.0,0.0,0.0,0.0,0.0
104,23.0,1.0,17.0,4.0,1.0,0.0,0.0,0.0,0.0
105,13.0,6.0,4.0,2.0,0.0,0.0,1.0,0.0,0.0
106,14.0,4.0,4.0,3.0,1.0,0.0,2.0,0.0,0.0
107,8.0,0.0,4.0,1.0,1.0,0.0,2.0,0.0,0.0
108,32.0,1.0,13.0,10.0,4.0,1.0,2.0,0.0,1.0
109,18.0,7.0,7.0,2.0,1.0,0.0,1.0,0.0,0.0
110,14.0,0.0,7.0,2.0,3.0,0.0,2.0,0.0,0.0
111,7.0,2.0,2.0,1.0,1.0,0.0,1.0,0.0,0.0
112,39.0,6.0,15.0,8.0,4.0,2.0,0.0,4.0,0.0
113,15.0,1.0,7.0,1.0,2.0,1.0,1.0,2.0,0.0
114,13.0,2.0,5.0,2.0,2.0,1.0,1.0,0.0,0.0
115,13.0,0.0,3.0,1.0,6.0,1.0,2.0,0.0,0.0
116,15.0,2.0,8.0,1.0,3.0,0.0,1.0,0.0,0.0
117,17.0,3.0,7.0,1.0,4.0,1.0,1.0,0.0,0.0
118,21.0,6.0,12.0,0.0,3.0,0.0,0.0,0.0,0.0
119,8.0,5.0,1.0,0.0,0.0,0.0,2.0,0.0,0.0
120,20.0,7.0,9.0,2.0,1.0,1.0,0.0,0.0,0.0
121,29.0,2.0,16.0,5.0,3.0,0.0,1.0,2.0,0.0
122,11.0,3.0,2.0,3.0,2.0,0.0,1.0,0.0,0.0
123,6.0,0.0,4.0,0.0,2.0,0.0,0.0,0.0,0.0
124,14.0,1.0,6.0,2.0,0.0,2.0,2.0,1.0,0.0
125,33.0,1.0,16.0,6.0,0.0,6.0,2.0,2.0,0.0
126,7.0,2.0,3.0,2.0,0.0,0.0,0.0,0.0,0.0
127,8.0,2.0,2.0,1.0,2.0,0.0,1.0,0.0,0.0
128,11.0,1.0,6.0,3.0,0.0,0.0,1.0,0.0,0.0
129,15.0,2.0,3.0,4.0,0.0,2.0,4.0,0.0,0.0
130,13.0,0.0,10.0,1.0,1.0,0.0,1.0,0.0,0.0
131,9.0,0.0,4.0,4.0,0.0,0.0,0.0,0.0,1.0
132,17.0,2.0,8.0,3.0,4.0,0.0,0.0,0.0,0.0
133,7.0,1.0,1.0,2.0,2.0,1.0,0.0,0.0,0.0
134,18.0,3.0,12.0,1.0,1.0,0.0,1.0,0.0,0.0
135,6.0,1.0,1.0,3.0,1.0,0.0,0.0,0.0,0.0
136,3.0,0.0,1.0,2.0,0.0,0.0,0.0,0.0,0.0
137,5.0,1.0,1.0,2.0,0.0,0.0,1.0,0.0,0.0
138,8.0,1.0,1.0,2.0,1.0,0.0,0.0,3.0,0.0
139,7.0,0.0,4.0,2.0,0.0,0.0,1.0,0.0,0.0
140,6.0,2.0,4.0,0.0,0.0,0.0,0.0,0.0,0.0
141,3.0,0.0,2.0,0.0,1.0,0.0,0.0,0.0,0.0
142,14.0,1.0,3.0,2.0,7.0,1.0,0.0,0.0,0.0
143,6.0,0.0,3.0,2.0,0.0,0.0,0.0,1.0,0.0
144,8.0,0.0,3.0,3.0,2.0,0.0,0.0,0.0,0.0
145,7.0,0.0,1.0,5.0,0.0,0.0,0.0,1.0,0.0
146,6.0,0.0,2.0,1.0,2.0,0.0,1.0,0.0,0.0
147,10.0,0.0,5.0,5.0,0.0,0.0,0.0,0.0,0.0
148,12.0,4.0,6.0,0.0,2.0,0.0,0.0,0.0,0.0
149,3.0,0.0,3.0,0.0,0.0,0.0,0.0,0.0,0.0
150,8.0,0.0,2.0,4.0,2.0,0.0,0.0,0.0,0.0
151,4.0,0.0,2.0,1.0,1.0,0.0,0.0,0.0,0.0
152,2.0,2.0,0.0,0.0,0.0,0.0,0.0,0.0,0.0
153,4.0,0.0,4.0,0.0,0.0,0.0,0.0,0.0,0.0
154,5.0,0.0,5.0,0.0,0.0,0.0,0.0,0.0,0.0
155,12.0,0.0,11.0,0.0,0.0,0.0,0.0,1.0,0.0
156,14.0,1.0,11.0,1.0,0.0,0.0,1.0,0.0,0.0
157,9.0,2.0,4.0,1.0,0.0,0.0,2.0,0.0,0.0
158,10.0,2.0,6.0,1.0,0.0,0.0,1.0,0.0,0.0
159,21.0,1.0,9.0,4.0,2.0,0.0,5.0,0.0,0.0
160,6.0,1.0,4.0,0.0,0.0,0.0,1.0,0.0,0.0
161,18.0,8.0,8.0,2.0,0.0,0.0,0.0,0.0,0.0
162,22.0,5.0,11.0,0.0,2.0,0.0,4.0,0.0,0.0
163,21.0,6.0,6.0,4.0,4.0,1.0,0.0,0.0,0.0
164,25.0,8.0,9.0,2.0,1.0,1.0,4.0,0.0,0.0
165,18.0,3.0,6.0,0.0,3.0,2.0,4.0,0.0,0.0
166,7.0,1.0,4.0,0.0,0.0,0.0,2.0,0.0,0.0
167,11.0,6.0,4.0,1.0,0.0,0.0,0.0,0.0,0.0
168,18.0,3.0,8.0,7.0,0.0,0.0,0.0,0.0,0.0
169,19.0,1.0,14.0,1.0,0.0,0.0,3.0,0.0,0.0
170,26.0,10.0,10.0,1.0,2.0,1.0,1.0,1.0,0.0
171,24.0,2.0,16.0,1.0,2.0,0.0,2.0,1.0,0.0
172,32.0,8.0,16.0,3.0,2.0,0.0,1.0,0.0,2.0
173,20.0,2.0,7.0,4.0,3.0,0.0,4.0,0.0,0.0
174,25.0,7.0,10.0,3.0,4.0,1.0,0.0,0.0,0.0
175,18.0,3.0,9.0,2.0,2.0,0.0,2.0,0.0,0.0
176,20.0,3.0,11.0,3.0,0.0,0.0,3.0,0.0,0.0
177,37.0,6.0,17.0,6.0,2.0,4.0,0.0,2.0,0.0
178,29.0,7.0,11.0,2.0,2.0,0.0,4.0,2.0,1.0
179,13.0,4.0,4.0,2.0,3.0,0.0,0.0,0.0,0.0
180,27.0,4.0,9.0,6.0,2.0,0.0,5.0,0.0,1.0
181,38.0,10.0,14.0,5.0,2.0,2.0,2.0,3.0,0.0
182,20.0,7.0,5.0,5.0,0.0,1.0,1.0,1.0,0.0
183,12.0,2.0,7.0,0.0,1.0,1.0,1.0,0.0,0.0
184,18.0,2.0,6.0,3.0,0.0,3.0,2.0,2.0,0.0
185,30.0,9.0,12.0,3.0,3.0,1.0,0.0,2.0,0.0
186,19.0,5.0,10.0,2.0,0.0,0.0,2.0,0.0,0.0
187,11.0,1.0,8.0,0.0,0.0,0.0,0.0,2.0,0.0
188,12.0,3.0,4.0,1.0,1.0,0.0,3.0,0.0,0.0
189,23.0,8.0,11.0,2.0,2.0,0.0,0.0,0.0,0.0
190,29.0,1.0,11.0,4.0,5.0,1.0,4.0,2.0,1.0
191,19.0,5.0,7.0,2.0,3.0,1.0,1.0,0.0,0.0
192,16.0,4.0,5.0,1.0,4.0,0.0,2.0,0.0,0.0
193,10.0,2.0,4.0,2.0,1.0,0.0,1.0,0.0,0.0
194,31.0,4.0,16.0,1.0,7.0,0.0,1.0,2.0,0.0
195,15.0,5.0,3.0,1.0,0.0,0.0,6.0,0.0,0.0
196,22.0,10.0,6.0,3.0,1.0,0.0,2.0,0.0,0.0
197,14.0,4.0,9.0,0.0,0.0,0.0,1.0,0.0,0.0
198,15.0,1.0,8.0,5.0,0.0,0.0,1.0,0.0,0.0
199,17.0,8.0,3.0,1.0,0.0,1.0,3.0,0.0,1.0
200,23.0,2.0,14.0,4.0,1.0,0.0,2.0,0.0,0.0
201,13.0,1.0,7.0,4.0,0.0,0.0,1.0,0.0,0.0
202,12.0,1.0,7.0,3.0,1.0,0.0,0.0,0.0,0.0
203,26.0,5.0,15.0,2.0,1.0,2.0,1.0,0.0,0.0
204,16.0,1.0,8.0,3.0,0.0,0.0,3.0,1.0,0.0
205,11.0,2.0,6.0,3.0,0.0,0.0,0.0,0.0,0.0
206,22.0,4.0,12.0,2.0,1.0,1.0,2.0,0.0,0.0
207,30.0,2.0,16.0,4.0,2.0,1.0,3.0,2.0,0.0
208,17.0,1.0,7.0,4.0,1.0,2.0,2.0,0.0,0.0
209,19.0,2.0,8.0,1.0,3.0,0.0,5.0,0.0,0.0
210,25.0,8.0,8.0,2.0,0.0,0.0,7.0,0.0,0.0
211,36.0,7.0,16.0,5.0,5.0,0.0,2.0,0.0,1.0
212,62.0,13.0,27.0,6.0,3.0,3.0,5.0,3.0,2.0
213,21.0,8.0,6.0,1.0,3.0,1.0,2.0,0.0,0.0
214,34.0,7.0,18.0,4.0,1.0,0.0,4.0,0.0,0.0
215,26.0,2.0,13.0,3.0,2.0,1.0,4.0,1.0,0.0
216,35.0,7.0,18.0,7.0,0.0,1.0,2.0,0.0,0.0
217,27.0,2.0,14.0,6.0,1.0,0.0,3.0,1.0,0.0
218,13.0,1.0,5.0,1.0,4.0,0.0,2.0,0.0,0.0
219,22.0,1.0,12.0,3.0,0.0,1.0,1.0,2.0,2.0
220,8.0,2.0,5.0,0.0,1.0,0.0,0.0,0.0,0.0
221,14.0,1.0,8.0,5.0,0.0,0.0,0.0,0.0,0.0
222,11.0,1.0,6.0,2.0,0.0,0.0,2.0,0.0,0.0
223,14.0,1.0,6.0,4.0,0.0,0.0,3.0,0.0,0.0
224,14.0,0.0,4.0,1.0,2.0,3.0,3.0,1.0,0.0
225,32.0,2.0,25.0,4.0,0.0,1.0,0.0,0.0,0.0
226,7.0,1.0,4.0,0.0,0.0,0.0,2.0,0.0,0.0
227,6.0,2.0,1.0,1.0,2.0,0.0,0.0,0.0,0.0
228,12.0,2.0,3.0,1.0,0.0,3.0,0.0,3.0,0.0
229,3.0,0.0,2.0,0.0,0.0,0.0,1.0,0.0,0.0
230,26.0,1.0,19.0,2.0,1.0,1.0,0.0,1.0,1.0
231,2.0,1.0,0.0,0.0,1.0,0.0,0.0,0.0,0.0
232,10.0,3.0,2.0,2.0,0.0,1.0,0.0,1.0,1.0
233,7.0,0.0,5.0,1.0,0.0,0.0,0.0,1.0,0.0
234,10.0,3.0,4.0,2.0,1.0,0.0,0.0,0.0,0.0
235,12.0,0.0,8.0,2.0,2.0,0.0,0.0,0.0,0.0
236,5.0,0.0,4.0,1.0,0.0,0.0,0.0,0.0,0.0
237,3.0,0.0,2.0,1.0,0.0,0.0,0.0,0.0,0.0
238,10.0,0.0,5.0,5.0,0.0,0.0,0.0,0.0,0.0
239,7.0,1.0,5.0,0.0,0.0,0.0,0.0,1.0,0.0
240,10.0,3.0,5.0,1.0,1.0,0.0,0.0,0.0,0.0
241,19.0,6.0,10.0,1.0,0.0,0.0,1.0,1.0,0.0
242,7.0,1.0,2.0,1.0,3.0,0.0,0.0,0.0,0.0
243,17.0,2.0,7.0,6.0,0.0,0.0,2.0,0.0,0.0
244,11.0,1.0,5.0,3.0,1.0,0.0,1.0,0.0,0.0
245,13.0,1.0,4.0,5.0,0.0,2.0,1.0,0.0,0.0
246,9.0,1.0,2.0,4.0,0.0,0.0,2.0,0.0,0.0
247,20.0,1.0,12.0,2.0,5.0,0.0,0.0,0.0,0.0
248,20.0,4.0,10.0,3.0,2.0,0.0,0.0,0.0,1.0
249,17.0,2.0,8.0,2.0,3.0,0.0,2.0,0.0,0.0
250,9.0,4.0,3.0,2.0,0.0,0.0,0.0,0.0,0.0
251,14.0,3.0,6.0,2.0,0.0,0.0,3.0,0.0,0.0
252,37.0,7.0,16.0,8.0,3.0,2.0,1.0,0.0,0.0
253,29.0,4.0,15.0,5.0,2.0,0.0,3.0,0.0,0.0
254,19.0,4.0,5.0,3.0,0.0,0.0,4.0,0.0,3.0
255,16.0,4.0,4.0,2.0,3.0,0.0,3.0,0.0,0.0
256,19.0,3.0,11.0,1.0,1.0,0.0,3.0,0.0,0.0
257,30.0,7.0,17.0,3.0,1.0,0.0,1.0,0.0,1.0
258,32.0,4.0,17.0,3.0,2.0,0.0,4.0,2.0,0.0
259,34.0,6.0,17.0,4.0,0.0,3.0,2.0,2.0,0.0
260,20.0,5.0,6.0,2.0,2.0,1.0,4.0,0.0,0.0
261,31.0,3.0,13.0,11.0,2.0,1.0,0.0,1.0,0.0
262,27.0,4.0,14.0,1.0,6.0,2.0,0.0,0.0,0.0
263,34.0,5.0,19.0,2.0,4.0,0.0,2.0,2.0,0.0
264,26.0,1.0,15.0,1.0,1.0,1.0,6.0,1.0,0.0
265,38.0,5.0,18.0,4.0,4.0,2.0,2.0,1.0,2.0
266,37.0,7.0,21.0,5.0,2.0,1.0,0.0,0.0,1.0
267,34.0,4.0,11.0,6.0,6.0,1.0,3.0,3.0,0.0
268,28.0,8.0,8.0,3.0,5.0,1.0,3.0,0.0,0.0
269,24.0,0.0,13.0,5.0,1.0,0.0,2.0,3.0,0.0
270,15.0,7.0,6.0,2.0,0.0,0.0,0.0,0.0,0.0
271,25.0,3.0,10.0,6.0,2.0,1.0,1.0,0.0,2.0
272,24.0,4.0,8.0,8.0,1.0,0.0,3.0,0.0,0.0
273,10.0,2.0,7.0,0.0,0.0,0.0,1.0,0.0,0.0
274,8.0,4.0,3.0,0.0,1.0,0.0,0.0,0.0,0.0
275,2.0,0.0,1.0,1.0,0.0,0.0,0.0,0.0,0.0
276,23.0,4.0,14.0,3.0,0.0,1.0,0.0,1.0,0.0
277,35.0,3.0,22.0,7.0,2.0,0.0,0.0,1.0,0.0
278,19.0,5.0,7.0,3.0,3.0,0.0,1.0,0.0,0.0
279,11.0,1.0,3.0,6.0,0.0,0.0,0.0,1.0,0.0
280,19.0,2.0,11.0,3.0,2.0,1.0,0.0,0.0,0.0
281,24.0,1.0,14.0,3.0,3.0,0.0,2.0,1.0,0.0
282,35.0,1.0,19.0,5.0,3.0,2.0,3.0,2.0,0.0
283,12.0,2.0,4.0,4.0,1.0,0.0,0.0,1.0,0.0
284,8.0,1.0,4.0,1.0,2.0,0.0,0.0,0.0,0.0
285,30.0,2.0,16.0,5.0,3.0,1.0,1.0,2.0,0.0
286,12.0,3.0,5.0,1.0,1.0,0.0,2.0,0.0,0.0
287,23.0,2.0,9.0,7.0,0.0,0.0,4.0,1.0,0.0
288,18.0,4.0,10.0,2.0,1.0,0.0,1.0,0.0,0.0
289,30.0,7.0,10.0,4.0,1.0,3.0,4.0,1.0,0.0
290,25.0,5.0,13.0,5.0,0.0,0.0,2.0,0.0,0.0
291,28.0,5.0,10.0,6.0,4.0,1.0,2.0,0.0,0.0
292,23.0,2.0,14.0,6.0,0.0,0.0,1.0,0.0,0.0
293,26.0,3.0,18.0,2.0,0.0,1.0,2.0,0.0,0.0
294,29.0,1.0,5.0,6.0,6.0,2.0,6.0,3.0,0.0
295,17.0,5.0,1.0,7.0,1.0,0.0,3.0,0.0,0.0
296,20.0,0.0,2.0,6.0,8.0,2.0,2.0,0.0,0.0
297,28.0,6.0,13.0,7.0,1.0,1.0,0.0,0.0,0.0
298,23.0,2.0,8.0,10.0,0.0,1.0,1.0,0.0,1.0
299,12.0,1.0,5.0,3.0,1.0,1.0,1.0,0.0,0.0
300,10.0,5.0,1.0,3.0,1.0,0.0,0.0,0.0,0.0
301,9.0,4.0,3.0,1.0,1.0,0.0,0.0,0.0,0.0
302,5.0,0.0,3.0,2.0,0.0,0.0,0.0,0.0,0.0
303,18.0,7.0,6.0,3.0,1.0,0.0,1.0,0.0,0.0
304,29.0,10.0,16.0,1.0,0.0,1.0,1.0,0.0,0.0
305,11.0,1.0,4.0,1.0,5.0,0.0,0.0,0.0,0.0
306,2.0,2.0,0.0,0.0,0.0,0.0,0.0,0.0,0.0
307,26.0,2.0,12.0,6.0,1.0,1.0,4.0,0.0,0.0
308,4.0,0.0,4.0,0.0,0.0,0.0,0.0,0.0,0.0
309,18.0,0.0,5.0,4.0,4.0,2.0,1.0,2.0,0.0
310,9.0,0.0,5.0,2.0,0.0,0.0,2.0,0.0,0.0
311,20.0,3.0,5.0,7.0,1.0,2.0,1.0,1.0,0.0
312,9.0,2.0,4.0,3.0,0.0,0.0,0.0,0.0,0.0
313,14.0,2.0,6.0,4.0,2.0,0.0,0.0,0.0,0.0
314,20.0,2.0,9.0,4.0,2.0,0.0,3.0,0.0,0.0
315,32.0,0.0,10.0,13.0,4.0,2.0,2.0,1.0,0.0
316,14.0,0.0,10.0,4.0,0.0,0.0,0.0,0.0,0.0
317,26.0,0.0,14.0,6.0,0.0,3.0,0.0,3.0,0.0
318,5.0,1.0,4.0,0.0,0.0,0.0,0.0,0.0,0.0
319,24.0,1.0,11.0,9.0,3.0,0.0,0.0,0.0,0.0
320,16.0,0.0,6.0,6.0,2.0,1.0,0.0,0.0,1.0
321,22.0,0.0,11.0,5.0,0.0,3.0,0.0,3.0,0.0
322,14.0,0.0,7.0,5.0,1.0,0.0,1.0,0.0,0.0
323,12.0,1.0,6.0,3.0,1.0,0.0,1.0,0.0,0.0
324,8.0,1.0,3.0,2.0,0.0,2.0,0.0,0.0,0.0
325,6.0,0.0,3.0,2.0,1.0,0.0,0.0,0.0,0.0
326,8.0,0.0,5.0,3.0,0.0,0.0,0.0,0.0,0.0
327,6.0,2.0,3.0,0.0,0.0,0.0,1.0,0.0,0.0
328,17.0,1.0,10.0,3.0,1.0,1.0,1.0,0.0,0.0
329,10.0,0.0,9.0,1.0,0.0,0.0,0.0,0.0,0.0
330,25.0,0.0,13.0,3.0,2.0,5.0,2.0,0.0,0.0
331,14.0,3.0,9.0,0.0,0.0,0.0,2.0,0.0,0.0
332,2.0,2.0,0.0,0.0,0.0,0.0,0.0,0.0,0.0
333,12.0,0.0,10.0,1.0,1.0,0.0,0.0,0.0,0.0
334,20.0,1.0,13.0,4.0,1.0,1.0,0.0,0.0,0.0
335,1.0,0.0,0.0,0.0,0.0,0.0,1.0,0.0,0.0
336,6.0,0.0,5.0,1.0,0.0,0.0,0.0,0.0,0.0
337,7.0,3.0,3.0,1.0,0.0,0.0,0.0,0.0,0.0
338,0.0,0.0,0.0,0.0,0.0,0.0,0.0,0.0,0.0
339,9.0,1.0,6.0,1.0,0.0,0.0,0.0,1.0,0.0
340,4.0,0.0,1.0,1.0,2.0,0.0,0.0,0.0,0.0
341,11.0,0.0,9.0,0.0,0.0,1.0,1.0,0.0,0.0
342,5.0,0.0,1.0,2.0,0.0,1.0,1.0,0.0,0.0
343,6.0,2.0,3.0,0.0,1.0,0.0,0.0,0.0,0.0
344,8.0,0.0,5.0,2.0,1.0,0.0,0.0,0.0,0.0
345,11.0,0.0,9.0,1.0,0.0,0.0,1.0,0.0,0.0
346,10.0,1.0,3.0,2.0,1.0,0.0,2.0,0.0,1.0
347,8.0,0.0,4.0,3.0,1.0,0.0,0.0,0.0,0.0
348,8.0,1.0,5.0,1.0,0.0,0.0,1.0,0.0,0.0
349,17.0,0.0,11.0,3.0,2.0,0.0,1.0,0.0,0.0
350,12.0,1.0,6.0,3.0,2.0,0.0,0.0,0.0,0.0
351,4.0,0.0,2.0,0.0,1.0,0.0,1.0,0.0,0.0
352,16.0,2.0,8.0,4.0,1.0,1.0,0.0,0.0,0.0
353,9.0,1.0,4.0,0.0,2.0,1.0,1.0,0.0,0.0
354,8.0,2.0,3.0,1.0,1.0,0.0,1.0,0.0,0.0
355,24.0,5.0,10.0,4.0,4.0,0.0,0.0,1.0,0.0
356,25.0,4.0,10.0,3.0,2.0,2.0,2.0,2.0,0.0
357,13.0,1.0,8.0,2.0,0.0,2.0,0.0,0.0,0.0
358,17.0,2.0,10.0,1.0,1.0,0.0,1.0,1.0,1.0
359,12.0,1.0,7.0,1.0,1.0,1.0,1.0,0.0,0.0
360,5.0,0.0,1.0,0.0,2.0,1.0,1.0,0.0,0.0
361,12.0,1.0,11.0,0.0,0.0,0.0,0.0,0.0,0.0
362,13.0,2.0,7.0,4.0,0.0,0.0,0.0,0.0,0.0
363,12.0,0.0,4.0,4.0,0.0,2.0,2.0,0.0,0.0
364,19.0,3.0,4.0,7.0,0.0,5.0,0.0,0.0,0.0
365,11.0,2.0,6.0,1.0,0.0,0.0,2.0,0.0,0.0
366,18.0,1.0,15.0,1.0,1.0,0.0,0.0,0.0,0.0
367,16.0,1.0,11.0,2.0,1.0,0.0,1.0,0.0,0.0
368,24.0,2.0,13.0,2.0,1.0,0.0,5.0,1.0,0.0
369,19.0,1.0,12.0,3.0,1.0,1.0,0.0,1.0,0.0
370,28.0,3.0,17.0,5.0,1.0,0.0,1.0,1.0,0.0
371,8.0,2.0,5.0,0.0,0.0,1.0,0.0,0.0,0.0
372,13.0,3.0,8.0,2.0,0.0,0.0,0.0,0.0,0.0
373,28.0,0.0,14.0,7.0,2.0,4.0,0.0,1.0,0.0
374,35.0,6.0,20.0,4.0,0.0,3.0,1.0,0.0,1.0
375,15.0,1.0,6.0,5.0,0.0,1.0,1.0,1.0,0.0
376,3.0,0.0,3.0,0.0,0.0,0.0,0.0,0.0,0.0
377,28.0,5.0,15.0,4.0,0.0,1.0,2.0,1.0,0.0
378,22.0,3.0,14.0,1.0,1.0,0.0,3.0,0.0,0.0
379,26.0,4.0,17.0,4.0,0.0,0.0,0.0,1.0,0.0
380,31.0,4.0,19.0,7.0,0.0,1.0,0.0,0.0,0.0
381,33.0,7.0,20.0,2.0,1.0,1.0,1.0,1.0,0.0
382,52.0,6.0,31.0,8.0,0.0,3.0,4.0,0.0,0.0
383,35.0,7.0,14.0,5.0,0.0,1.0,7.0,0.0,1.0
384,38.0,9.0,14.0,8.0,2.0,3.0,2.0,0.0,0.0
385,22.0,6.0,8.0,5.0,0.0,1.0,2.0,0.0,0.0
386,33.0,6.0,16.0,6.0,2.0,1.0,1.0,1.0,0.0
387,17.0,2.0,9.0,3.0,0.0,0.0,3.0,0.0,0.0
388,10.0,1.0,4.0,4.0,0.0,0.0,1.0,0.0,0.0
389,8.0,1.0,5.0,0.0,0.0,0.0,2.0,0.0,0.0
390,15.0,2.0,7.0,2.0,1.0,0.0,3.0,0.0,0.0
391,15.0,4.0,6.0,3.0,0.0,0.0,2.0,0.0,0.0
392,12.0,4.0,4.0,0.0,1.0,1.0,2.0,0.0,0.0
393,11.0,1.0,7.0,0.0,0.0,0.0,3.0,0.0,0.0
394,17.0,3.0,8.0,4.0,2.0,0.0,0.0,0.0,0.0
395,24.0,0.0,17.0,1.0,3.0,1.0,0.0,2.0,0.0
396,29.0,3.0,13.0,4.0,6.0,1.0,2.0,0.0,0.0
397,17.0,2.0,10.0,3.0,1.0,0.0,1.0,0.0,0.0
398,38.0,8.0,19.0,2.0,4.0,1.0,1.0,2.0,1.0
399,33.0,0.0,16.0,10.0,1.0,5.0,1.0,0.0,0.0
400,27.0,4.0,14.0,6.0,0.0,1.0,2.0,0.0,0.0
401,27.0,2.0,15.0,4.0,1.0,0.0,3.0,2.0,0.0
402,17.0,1.0,5.0,6.0,2.0,2.0,1.0,0.0,0.0
403,36.0,2.0,16.0,5.0,6.0,5.0,2.0,0.0,0.0
404,26.0,6.0,12.0,2.0,3.0,1.0,2.0,0.0,0.0
405,35.0,7.0,18.0,4.0,0.0,2.0,4.0,0.0,0.0
406,32.0,10.0,14.0,4.0,0.0,1.0,2.0,1.0,0.0
407,41.0,7.0,24.0,4.0,0.0,2.0,3.0,0.0,1.0
408,36.0,5.0,18.0,8.0,0.0,0.0,3.0,1.0,1.0
409,16.0,5.0,8.0,1.0,0.0,1.0,1.0,0.0,0.0
410,24.0,4.0,13.0,6.0,1.0,0.0,0.0,0.0,0.0
411,22.0,1.0,11.0,6.0,2.0,1.0,1.0,0.0,0.0
412,23.0,2.0,11.0,5.0,0.0,3.0,0.0,0.0,2.0
413,37.0,3.0,19.0,4.0,8.0,1.0,2.0,0.0,0.0
414,30.0,2.0,21.0,3.0,1.0,3.0,0.0,0.0,0.0
415,34.0,1.0,21.0,7.0,2.0,2.0,1.0,0.0,0.0
416,29.0,3.0,14.0,3.0,1.0,5.0,0.0,0.0,3.0
417,18.0,2.0,9.0,3.0,0.0,2.0,2.0,0.0,0.0
418,39.0,3.0,25.0,6.0,1.0,0.0,2.0,2.0,0.0
419,44.0,2.0,31.0,3.0,3.0,0.0,4.0,0.0,1.0
420,38.0,2.0,24.0,4.0,2.0,5.0,1.0,0.0,0.0
421,37.0,4.0,13.0,9.0,1.0,4.0,4.0,1.0,1.0
422,54.0,4.0,30.0,7.0,5.0,4.0,1.0,2.0,1.0
423,26.0,0.0,17.0,5.0,2.0,1.0,0.0,1.0,0.0
424,50.0,1.0,30.0,11.0,2.0,5.0,1.0,0.0,0.0
425,42.0,5.0,22.0,8.0,0.0,7.0,0.0,0.0,0.0
426,32.0,6.0,17.0,4.0,1.0,1.0,2.0,1.0,0.0
427,21.0,7.0,9.0,3.0,1.0,1.0,0.0,0.0,0.0
428,20.0,9.0,4.0,4.0,1.0,2.0,0.0,0.0,0.0
429,29.0,9.0,9.0,5.0,1.0,1.0,2.0,2.0,0.0
430,32.0,5.0,16.0,3.0,3.0,3.0,1.0,1.0,0.0
431,14.0,2.0,10.0,1.0,0.0,1.0,0.0,0.0,0.0
432,17.0,3.0,7.0,4.0,1.0,2.0,0.0,0.0,0.0
433,11.0,3.0,7.0,1.0,0.0,0.0,0.0,0.0,0.0
434,48.0,2.0,27.0,11.0,2.0,2.0,2.0,0.0,2.0
435,12.0,7.0,4.0,0.0,0.0,0.0,1.0,0.0,0.0
436,12.0,1.0,6.0,3.0,0.0,0.0,1.0,1.0,0.0
437,17.0,5.0,5.0,4.0,1.0,1.0,1.0,0.0,0.0
438,50.0,10.0,13.0,11.0,0.0,10.0,2.0,1.0,3.0
439,24.0,5.0,5.0,8.0,3.0,3.0,0.0,0.0,0.0
440,17.0,2.0,11.0,4.0,0.0,0.0,0.0,0.0,0.0
441,15.0,0.0,12.0,1.0,0.0,2.0,0.0,0.0,0.0
442,32.0,0.0,16.0,8.0,1.0,5.0,1.0,1.0,0.0
443,19.0,4.0,11.0,4.0,0.0,0.0,0.0,0.0,0.0
444,20.0,3.0,12.0,0.0,2.0,2.0,0.0,1.0,0.0
445,21.0,5.0,8.0,3.0,1.0,3.0,1.0,0.0,0.0
446,45.0,3.0,23.0,1.0,1.0,5.0,8.0,2.0,2.0
447,28.0,3.0,19.0,2.0,0.0,2.0,2.0,0.0,0.0
448,23.0,3.0,14.0,3.0,1.0,1.0,1.0,0.0,0.0
449,37.0,9.0,18.0,7.0,2.0,1.0,0.0,0.0,0.0
450,16.0,1.0,12.0,1.0,1.0,0.0,1.0,0.0,0.0
451,49.0,11.0,20.0,8.0,2.0,5.0,3.0,0.0,0.0
452,39.0,4.0,27.0,4.0,1.0,3.0,0.0,0.0,0.0
453,27.0,3.0,9.0,5.0,8.0,2.0,0.0,0.0,0.0
454,38.0,6.0,19.0,5.0,2.0,3.0,3.0,0.0,0.0
455,22.0,5.0,9.0,4.0,1.0,2.0,0.0,1.0,0.0
456,52.0,10.0,26.0,10.0,0.0,3.0,2.0,0.0,1.0
457,39.0,12.0,18.0,5.0,2.0,1.0,1.0,0.0,0.0
458,24.0,6.0,14.0,1.0,1.0,1.0,1.0,0.0,0.0
459,17.0,6.0,4.0,3.0,2.0,1.0,1.0,0.0,0.0
460,24.0,6.0,12.0,1.0,0.0,2.0,3.0,0.0,0.0
461,26.0,5.0,10.0,6.0,1.0,3.0,1.0,0.0,0.0
462,18.0,3.0,8.0,3.0,0.0,1.0,2.0,1.0,0.0
463,16.0,2.0,7.0,4.0,0.0,1.0,1.0,0.0,1.0
464,20.0,7.0,9.0,1.0,2.0,0.0,1.0,0.0,0.0
465,21.0,2.0,13.0,3.0,0.0,1.0,2.0,0.0,0.0
466,26.0,5.0,13.0,3.0,0.0,1.0,4.0,0.0,0.0
467,22.0,4.0,13.0,4.0,0.0,0.0,1.0,0.0,0.0
468,15.0,0.0,5.0,6.0,1.0,1.0,1.0,1.0,0.0
469,26.0,1.0,17.0,6.0,1.0,1.0,0.0,0.0,0.0
470,33.0,1.0,21.0,5.0,2.0,4.0,0.0,0.0,0.0
471,40.0,5.0,23.0,5.0,0.0,5.0,2.0,0.0,0.0
472,34.0,3.0,16.0,6.0,5.0,4.0,0.0,0.0,0.0
473,45.0,5.0,22.0,9.0,2.0,4.0,0.0,1.0,2.0
474,39.0,6.0,21.0,2.0,6.0,1.0,2.0,0.0,1.0
475,31.0,6.0,19.0,5.0,0.0,1.0,0.0,0.0,0.0
476,14.0,4.0,6.0,1.0,3.0,0.0,0.0,0.0,0.0
477,56.0,8.0,36.0,6.0,4.0,1.0,1.0,0.0,0.0
478,45.0,10.0,19.0,7.0,2.0,3.0,3.0,0.0,1.0
479,23.0,0.0,10.0,4.0,1.0,3.0,4.0,1.0,0.0
480,29.0,6.0,12.0,7.0,0.0,2.0,1.0,1.0,0.0
481,31.0,6.0,17.0,4.0,1.0,2.0,1.0,0.0,0.0
482,27.0,8.0,15.0,1.0,2.0,0.0,1.0,0.0,0.0
483,47.0,9.0,15.0,15.0,5.0,1.0,2.0,0.0,0.0
484,35.0,10.0,20.0,1.0,1.0,1.0,2.0,0.0,0.0
485,48.0,16.0,22.0,3.0,4.0,1.0,2.0,0.0,0.0
486,57.0,9.0,29.0,11.0,1.0,7.0,0.0,0.0,0.0
487,33.0,4.0,24.0,2.0,2.0,1.0,0.0,0.0,0.0
488,37.0,8.0,19.0,4.0,1.0,2.0,3.0,0.0,0.0
489,39.0,6.0,19.0,7.0,4.0,1.0,2.0,0.0,0.0
490,41.0,4.0,18.0,10.0,1.0,6.0,1.0,1.0,0.0
491,42.0,11.0,18.0,6.0,1.0,4.0,2.0,0.0,0.0
492,29.0,10.0,10.0,5.0,0.0,2.0,1.0,0.0,1.0
493,26.0,9.0,12.0,3.0,0.0,2.0,0.0,0.0,0.0
494,24.0,7.0,13.0,2.0,2.0,0.0,0.0,0.0,0.0
495,42.0,5.0,28.0,4.0,0.0,1.0,4.0,0.0,0.0
496,33.0,8.0,16.0,2.0,5.0,1.0,1.0,0.0,0.0
497,25.0,5.0,13.0,2.0,0.0,1.0,4.0,0.0,0.0
498,20.0,7.0,6.0,4.0,0.0,1.0,2.0,0.0,0.0
499,50.0,10.0,23.0,6.0,0.0,7.0,4.0,0.0,0.0
500,18.0,4.0,8.0,2.0,1.0,1.0,2.0,0.0,0.0
501,19.0,5.0,5.0,2.0,2.0,1.0,4.0,0.0,0.0
502,25.0,5.0,15.0,2.0,2.0,1.0,0.0,0.0,0.0
503,27.0,8.0,13.0,1.0,0.0,2.0,2.0,0.0,1.0
504,33.0,6.0,16.0,7.0,0.0,2.0,2.0,0.0,0.0
505,19.0,2.0,13.0,2.0,1.0,1.0,0.0,0.0,0.0
506,22.0,3.0,9.0,8.0,1.0,0.0,0.0,1.0,0.0
507,31.0,4.0,13.0,6.0,2.0,3.0,2.0,0.0,1.0
508,31.0,8.0,14.0,5.0,3.0,0.0,1.0,0.0,0.0
509,29.0,5.0,14.0,3.0,4.0,1.0,2.0,0.0,0.0
510,32.0,5.0,13.0,5.0,3.0,4.0,2.0,0.0,0.0
511,21.0,4.0,8.0,4.0,5.0,0.0,0.0,0.0,0.0
512,65.0,6.0,34.0,11.0,2.0,8.0,2.0,2.0,0.0
513,33.0,10.0,15.0,4.0,0.0,2.0,2.0,0.0,0.0
514,36.0,11.0,16.0,5.0,1.0,2.0,1.0,0.0,0.0
515,32.0,11.0,15.0,2.0,1.0,1.0,1.0,1.0,0.0
516,30.0,6.0,16.0,2.0,2.0,4.0,0.0,0.0,0.0
517,32.0,5.0,22.0,2.0,2.0,0.0,1.0,0.0,0.0
518,23.0,5.0,12.0,4.0,0.0,1.0,0.0,0.0,1.0
519,20.0,3.0,10.0,2.0,2.0,1.0,2.0,0.0,0.0
520,12.0,0.0,11.0,0.0,0.0,1.0,0.0,0.0,0.0
521,18.0,1.0,9.0,4.0,1.0,0.0,2.0,0.0,1.0
522,36.0,7.0,16.0,5.0,6.0,0.0,2.0,0.0,0.0
523,17.0,3.0,8.0,4.0,1.0,0.0,1.0,0.0,0.0
524,16.0,2.0,4.0,4.0,1.0,3.0,1.0,1.0,0.0
525,47.0,2.0,25.0,6.0,4.0,7.0,0.0,1.0,2.0
526,26.0,5.0,15.0,2.0,1.0,1.0,1.0,0.0,1.0
527,8.0,1.0,5.0,2.0,0.0,0.0,0.0,0.0,0.0
528,26.0,3.0,16.0,3.0,1.0,0.0,3.0,0.0,0.0
529,37.0,2.0,18.0,5.0,1.0,8.0,0.0,2.0,1.0
530,32.0,15.0,11.0,4.0,0.0,1.0,1.0,0.0,0.0
531,23.0,3.0,11.0,3.0,2.0,1.0,2.0,1.0,0.0
532,17.0,2.0,9.0,4.0,0.0,0.0,1.0,1.0,0.0
533,17.0,1.0,10.0,4.0,0.0,1.0,0.0,1.0,0.0
534,23.0,3.0,15.0,2.0,1.0,1.0,1.0,0.0,0.0
535,20.0,2.0,12.0,2.0,1.0,1.0,0.0,2.0,0.0
536,26.0,2.0,16.0,0.0,0.0,4.0,4.0,0.0,0.0
537,25.0,4.0,9.0,7.0,0.0,2.0,2.0,0.0,1.0
538,45.0,5.0,24.0,4.0,0.0,8.0,2.0,1.0,1.0
539,25.0,1.0,15.0,6.0,1.0,1.0,1.0,0.0,0.0
540,14.0,4.0,9.0,0.0,0.0,0.0,1.0,0.0,0.0
541,17.0,4.0,7.0,3.0,0.0,2.0,0.0,0.0,1.0
542,21.0,11.0,6.0,2.0,0.0,2.0,0.0,0.0,0.0
543,58.0,4.0,26.0,15.0,0.0,10.0,2.0,1.0,0.0
544,22.0,8.0,7.0,5.0,1.0,0.0,1.0,0.0,0.0
545,20.0,5.0,10.0,1.0,1.0,1.0,2.0,0.0,0.0
546,18.0,5.0,10.0,0.0,1.0,1.0,0.0,0.0,1.0
547,34.0,9.0,14.0,4.0,1.0,3.0,2.0,0.0,1.0
548,23.0,2.0,13.0,2.0,5.0,1.0,0.0,0.0,0.0
549,27.0,6.0,9.0,9.0,0.0,3.0,0.0,0.0,0.0
550,26.0,4.0,16.0,3.0,0.0,1.0,1.0,1.0,0.0
551,36.0,6.0,21.0,2.0,0.0,5.0,2.0,0.0,0.0
552,19.0,6.0,10.0,2.0,0.0,0.0,1.0,0.0,0.0
553,22.0,6.0,10.0,0.0,0.0,2.0,4.0,0.0,0.0
554,13.0,3.0,7.0,1.0,2.0,0.0,0.0,0.0,0.0
555,23.0,8.0,11.0,4.0,0.0,0.0,0.0,0.0,0.0
556,30.0,5.0,10.0,11.0,0.0,2.0,2.0,0.0,0.0
557,16.0,4.0,6.0,5.0,0.0,1.0,0.0,0.0,0.0
558,14.0,3.0,6.0,1.0,1.0,2.0,0.0,0.0,1.0
559,21.0,7.0,10.0,1.0,0.0,2.0,1.0,0.0,0.0
560,22.0,5.0,12.0,1.0,1.0,1.0,2.0,0.0,0.0
561,52.0,16.0,25.0,3.0,0.0,6.0,2.0,0.0,0.0
562,25.0,7.0,9.0,5.0,1.0,1.0,2.0,0.0,0.0
563,34.0,12.0,10.0,5.0,2.0,4.0,0.0,1.0,0.0
564,49.0,22.0,15.0,7.0,1.0,3.0,1.0,0.0,0.0
565,49.0,11.0,24.0,7.0,0.0,6.0,1.0,0.0,0.0
566,18.0,5.0,3.0,5.0,0.0,4.0,1.0,0.0,0.0
567,17.0,1.0,10.0,4.0,0.0,0.0,2.0,0.0,0.0
568,10.0,6.0,3.0,0.0,0.0,0.0,1.0,0.0,0.0
569,23.0,7.0,14.0,2.0,0.0,0.0,0.0,0.0,0.0
570,23.0,6.0,9.0,5.0,1.0,1.0,1.0,0.0,0.0
571,29.0,4.0,12.0,10.0,1.0,0.0,2.0,0.0,0.0
572,14.0,7.0,5.0,1.0,0.0,1.0,0.0,0.0,0.0
573,18.0,9.0,7.0,0.0,0.0,1.0,1.0,0.0,0.0
574,24.0,4.0,6.0,6.0,0.0,5.0,1.0,2.0,0.0
575,16.0,3.0,10.0,2.0,0.0,0.0,1.0,0.0,0.0
576,23.0,3.0,12.0,5.0,1.0,2.0,0.0,0.0,0.0
577,18.0,2.0,7.0,2.0,0.0,6.0,0.0,1.0,0.0
578,48.0,5.0,17.0,13.0,4.0,6.0,2.0,1.0,0.0
579,17.0,0.0,12.0,2.0,1.0,1.0,0.0,1.0,0.0
580,26.0,2.0,21.0,3.0,0.0,0.0,0.0,0.0,0.0
581,38.0,2.0,19.0,6.0,2.0,7.0,0.0,1.0,1.0
582,38.0,6.0,21.0,2.0,1.0,2.0,4.0,1.0,1.0
583,18.0,3.0,10.0,1.0,0.0,2.0,2.0,0.0,0.0
584,26.0,5.0,18.0,2.0,0.0,1.0,0.0,0.0,0.0
585,17.0,4.0,10.0,0.0,0.0,0.0,3.0,0.0,0.0
586,23.0,6.0,12.0,2.0,2.0,1.0,0.0,0.0,0.0
587,21.0,5.0,9.0,0.0,0.0,4.0,3.0,0.0,0.0
588,33.0,10.0,11.0,6.0,1.0,2.0,3.0,0.0,0.0
589,30.0,6.0,15.0,0.0,1.0,7.0,0.0,1.0,0.0
590,56.0,5.0,23.0,11.0,1.0,11.0,2.0,0.0,3.0
591,18.0,4.0,8.0,2.0,1.0,3.0,0.0,0.0,0.0
592,30.0,6.0,15.0,3.0,1.0,3.0,0.0,1.0,1.0
593,23.0,7.0,10.0,3.0,2.0,1.0,0.0,0.0,0.0
594,40.0,12.0,16.0,5.0,2.0,2.0,0.0,1.0,2.0
595,53.0,11.0,19.0,9.0,2.0,11.0,1.0,0.0,0.0
596,39.0,16.0,17.0,2.0,1.0,1.0,1.0,1.0,0.0
597,39.0,12.0,11.0,7.0,3.0,3.0,2.0,0.0,1.0
598,23.0,13.0,2.0,1.0,3.0,2.0,2.0,0.0,0.0
599,29.0,11.0,7.0,4.0,3.0,1.0,2.0,1.0,0.0
600,21.0,8.0,4.0,1.0,1.0,0.0,7.0,0.0,0.0
601,51.0,20.0,24.0,2.0,0.0,1.0,4.0,0.0,0.0
602,37.0,14.0,16.0,1.0,2.0,2.0,2.0,0.0,0.0
603,32.0,8.0,12.0,3.0,4.0,5.0,0.0,0.0,0.0
604,50.0,17.0,18.0,6.0,6.0,1.0,2.0,0.0,0.0
605,13.0,5.0,7.0,0.0,0.0,0.0,1.0,0.0,0.0
606,9.0,5.0,0.0,2.0,0.0,1.0,1.0,0.0,0.0
607,14.0,4.0,3.0,3.0,0.0,2.0,2.0,0.0,0.0
608,15.0,4.0,7.0,3.0,0.0,0.0,1.0,0.0,0.0
609,13.0,5.0,4.0,2.0,1.0,0.0,1.0,0.0,0.0
610,28.0,2.0,16.0,5.0,0.0,3.0,2.0,0.0,0.0
611,26.0,2.0,15.0,1.0,4.0,1.0,1.0,2.0,0.0
612,23.0,3.0,9.0,7.0,0.0,1.0,1.0,1.0,1.0
613,9.0,0.0,4.0,4.0,0.0,1.0,0.0,0.0,0.0
614,28.0,5.0,13.0,2.0,4.0,1.0,2.0,1.0,0.0
615,44.0,12.0,24.0,6.0,0.0,0.0,1.0,0.0,1.0
616,33.0,6.0,16.0,9.0,0.0,0.0,2.0,0.0,0.0
617,36.0,10.0,15.0,7.0,0.0,3.0,0.0,0.0,1.0
618,20.0,2.0,12.0,2.0,1.0,0.0,2.0,0.0,1.0
619,26.0,8.0,9.0,4.0,2.0,2.0,1.0,0.0,0.0
620,30.0,4.0,13.0,11.0,2.0,0.0,0.0,0.0,0.0
621,28.0,6.0,14.0,2.0,2.0,3.0,0.0,1.0,0.0
622,23.0,10.0,6.0,5.0,1.0,0.0,0.0,1.0,0.0
623,18.0,5.0,8.0,2.0,1.0,2.0,0.0,0.0,0.0
624,22.0,6.0,10.0,2.0,1.0,2.0,1.0,0.0,0.0
625,17.0,3.0,7.0,5.0,2.0,0.0,0.0,0.0,0.0
626,50.0,9.0,19.0,6.0,7.0,5.0,2.0,1.0,1.0
627,43.0,12.0,17.0,6.0,5.0,2.0,0.0,0.0,1.0
628,41.0,12.0,21.0,5.0,1.0,2.0,0.0,0.0,0.0
629,47.0,8.0,16.0,7.0,7.0,6.0,2.0,0.0,1.0
630,50.0,11.0,14.0,8.0,6.0,7.0,0.0,2.0,2.0
631,23.0,3.0,5.0,6.0,3.0,2.0,3.0,0.0,1.0
632,37.0,5.0,11.0,3.0,6.0,6.0,4.0,2.0,0.0
633,25.0,5.0,9.0,1.0,5.0,3.0,2.0,0.0,0.0
634,22.0,3.0,12.0,1.0,3.0,2.0,0.0,0.0,1.0
635,21.0,7.0,4.0,2.0,2.0,1.0,4.0,1.0,0.0
636,20.0,8.0,7.0,3.0,0.0,0.0,2.0,0.0,0.0
637,8.0,2.0,1.0,1.0,3.0,0.0,0.0,0.0,1.0
638,13.0,3.0,7.0,1.0,2.0,0.0,0.0,0.0,0.0
639,19.0,8.0,9.0,0.0,0.0,0.0,1.0,0.0,1.0
640,16.0,4.0,3.0,4.0,1.0,4.0,0.0,0.0,0.0
641,20.0,6.0,4.0,1.0,7.0,2.0,0.0,0.0,0.0
642,19.0,2.0,12.0,0.0,0.0,2.0,1.0,0.0,2.0
643,78.0,3.0,29.0,16.0,14.0,13.0,2.0,1.0,0.0
644,17.0,5.0,10.0,0.0,1.0,0.0,1.0,0.0,0.0
645,16.0,3.0,5.0,4.0,2.0,2.0,0.0,0.0,0.0
646,10.0,3.0,5.0,1.0,0.0,1.0,0.0,0.0,0.0
647,33.0,3.0,13.0,7.0,1.0,4.0,1.0,2.0,2.0
648,9.0,1.0,4.0,2.0,0.0,0.0,1.0,0.0,1.0
649,10.0,3.0,4.0,1.0,1.0,1.0,0.0,0.0,0.0
650,13.0,3.0,7.0,0.0,2.0,0.0,0.0,0.0,1.0
651,18.0,4.0,8.0,5.0,1.0,0.0,0.0,0.0,0.0
652,30.0,3.0,15.0,5.0,1.0,1.0,4.0,0.0,1.0
653,29.0,6.0,12.0,8.0,0.0,2.0,0.0,1.0,0.0
654,36.0,5.0,22.0,5.0,2.0,1.0,1.0,0.0,0.0
655,45.0,2.0,24.0,8.0,2.0,6.0,1.0,0.0,2.0
656,20.0,4.0,8.0,4.0,0.0,1.0,3.0,0.0,0.0
657,29.0,8.0,14.0,5.0,1.0,0.0,1.0,0.0,0.0
658,43.0,12.0,15.0,10.0,1.0,4.0,1.0,0.0,0.0
659,61.0,6.0,23.0,6.0,12.0,7.0,5.0,0.0,2.0
660,59.0,9.0,27.0,5.0,10.0,7.0,1.0,0.0,0.0
661,43.0,9.0,17.0,5.0,8.0,2.0,2.0,0.0,0.0
662,34.0,10.0,11.0,2.0,4.0,4.0,2.0,0.0,1.0
663,25.0,7.0,13.0,2.0,3.0,0.0,0.0,0.0,0.0
664,15.0,1.0,7.0,6.0,0.0,0.0,1.0,0.0,0.0
665,41.0,11.0,17.0,3.0,4.0,3.0,1.0,2.0,0.0
666,28.0,7.0,9.0,3.0,4.0,3.0,1.0,1.0,0.0
667,27.0,8.0,8.0,4.0,3.0,0.0,4.0,0.0,0.0
668,42.0,8.0,14.0,9.0,8.0,3.0,0.0,0.0,0.0
669,23.0,9.0,10.0,1.0,1.0,1.0,1.0,0.0,0.0
670,27.0,12.0,8.0,5.0,1.0,0.0,1.0,0.0,0.0
671,21.0,8.0,8.0,4.0,0.0,0.0,1.0,0.0,0.0
672,13.0,3.0,5.0,2.0,1.0,1.0,0.0,1.0,0.0
673,21.0,7.0,13.0,1.0,0.0,0.0,0.0,0.0,0.0
674,13.0,0.0,8.0,3.0,1.0,0.0,1.0,0.0,0.0
675,5.0,3.0,1.0,1.0,0.0,0.0,0.0,0.0,0.0
676,12.0,2.0,6.0,3.0,0.0,0.0,0.0,1.0,0.0
677,18.0,2.0,7.0,4.0,3.0,2.0,0.0,0.0,0.0
678,21.0,1.0,13.0,5.0,1.0,1.0,0.0,0.0,0.0
679,13.0,0.0,7.0,2.0,4.0,0.0,0.0,0.0,0.0
680,22.0,1.0,14.0,3.0,2.0,1.0,1.0,0.0,0.0
681,53.0,2.0,15.0,14.0,9.0,12.0,0.0,0.0,1.0
682,10.0,1.0,6.0,3.0,0.0,0.0,0.0,0.0,0.0
683,12.0,1.0,6.0,1.0,1.0,2.0,1.0,0.0,0.0
684,70.0,1.0,39.0,10.0,7.0,10.0,0.0,0.0,3.0
685,11.0,0.0,7.0,2.0,1.0,0.0,1.0,0.0,0.0
686,13.0,0.0,9.0,2.0,0.0,1.0,1.0,0.0,0.0
687,12.0,2.0,4.0,5.0,0.0,0.0,0.0,0.0,1.0
688,61.0,0.0,31.0,8.0,16.0,5.0,0.0,0.0,1.0
689,11.0,1.0,7.0,1.0,1.0,0.0,0.0,1.0,0.0
690,18.0,1.0,13.0,2.0,2.0,0.0,0.0,0.0,0.0
691,14.0,1.0,10.0,1.0,2.0,0.0,0.0,0.0,0.0
692,18.0,3.0,12.0,2.0,0.0,1.0,0.0,0.0,0.0
693,24.0,3.0,13.0,4.0,2.0,1.0,0.0,0.0,1.0
694,18.0,0.0,10.0,1.0,2.0,3.0,2.0,0.0,0.0
695,46.0,2.0,21.0,12.0,3.0,6.0,1.0,0.0,1.0
696,24.0,2.0,10.0,8.0,0.0,3.0,1.0,0.0,0.0
697,21.0,0.0,9.0,10.0,1.0,1.0,0.0,0.0,0.0
698,16.0,2.0,6.0,3.0,2.0,1.0,1.0,0.0,1.0
699,48.0,2.0,25.0,7.0,4.0,10.0,0.0,0.0,0.0
700,15.0,2.0,10.0,2.0,0.0,0.0,0.0,0.0,1.0
701,56.0,2.0,47.0,0.0,1.0,4.0,1.0,0.0,1.0
702,33.0,0.0,22.0,5.0,0.0,3.0,3.0,0.0,0.0
703,30.0,3.0,20.0,3.0,0.0,3.0,1.0,0.0,0.0
704,63.0,4.0,42.0,7.0,2.0,7.0,0.0,0.0,1.0
705,43.0,3.0,24.0,1.0,4.0,5.0,4.0,1.0,1.0
706,23.0,3.0,11.0,3.0,5.0,1.0,0.0,0.0,0.0
707,57.0,7.0,29.0,7.0,4.0,6.0,1.0,0.0,3.0
708,39.0,6.0,20.0,2.0,4.0,4.0,3.0,0.0,0.0
709,22.0,3.0,12.0,2.0,1.0,4.0,0.0,0.0,0.0
710,33.0,11.0,13.0,0.0,4.0,0.0,5.0,0.0,0.0
711,40.0,14.0,16.0,6.0,1.0,1.0,2.0,0.0,0.0
712,29.0,3.0,14.0,4.0,3.0,4.0,0.0,1.0,0.0
713,36.0,7.0,22.0,4.0,0.0,2.0,1.0,0.0,0.0
714,31.0,8.0,16.0,1.0,2.0,2.0,2.0,0.0,0.0
715,70.0,12.0,26.0,14.0,7.0,8.0,3.0,0.0,0.0
716,41.0,4.0,24.0,6.0,3.0,4.0,0.0,0.0,0.0
717,52.0,6.0,27.0,5.0,4.0,6.0,4.0,0.0,0.0
718,43.0,8.0,16.0,6.0,7.0,5.0,1.0,0.0,0.0
719,37.0,6.0,18.0,5.0,2.0,5.0,1.0,0.0,0.0
720,46.0,6.0,21.0,10.0,3.0,3.0,2.0,0.0,1.0
721,32.0,8.0,16.0,3.0,3.0,1.0,1.0,0.0,0.0
722,48.0,14.0,25.0,1.0,1.0,2.0,2.0,0.0,3.0
723,46.0,7.0,28.0,3.0,2.0,5.0,1.0,0.0,0.0
724,46.0,5.0,25.0,10.0,1.0,3.0,2.0,0.0,0.0
725,48.0,5.0,31.0,4.0,3.0,0.0,5.0,0.0,0.0
726,61.0,2.0,39.0,8.0,7.0,4.0,1.0,0.0,0.0
727,78.0,10.0,36.0,13.0,6.0,8.0,5.0,0.0,0.0
728,40.0,4.0,23.0,5.0,5.0,2.0,1.0,0.0,0.0
729,57.0,20.0,23.0,3.0,4.0,4.0,2.0,1.0,0.0
730,40.0,7.0,20.0,5.0,3.0,3.0,1.0,1.0,0.0
731,31.0,6.0,16.0,2.0,4.0,1.0,1.0,0.0,1.0
732,38.0,7.0,15.0,11.0,1.0,1.0,3.0,0.0,0.0
733,38.0,6.0,16.0,9.0,2.0,4.0,1.0,0.0,0.0
734,45.0,10.0,11.0,11.0,6.0,5.0,1.0,0.0,1.0
735,20.0,5.0,7.0,2.0,2.0,0.0,4.0,0.0,0.0
736,66.0,4.0,22.0,16.0,7.0,10.0,3.0,0.0,4.0
737,38.0,5.0,14.0,6.0,11.0,1.0,1.0,0.0,0.0
738,22.0,2.0,9.0,2.0,2.0,3.0,4.0,0.0,0.0
739,17.0,3.0,8.0,2.0,1.0,1.0,2.0,0.0,0.0
740,35.0,4.0,16.0,3.0,6.0,0.0,6.0,0.0,0.0
741,59.0,11.0,21.0,5.0,14.0,6.0,2.0,0.0,0.0
742,24.0,10.0,7.0,3.0,2.0,1.0,1.0,0.0,0.0
743,33.0,7.0,13.0,5.0,4.0,1.0,3.0,0.0,0.0
744,25.0,10.0,11.0,2.0,0.0,1.0,1.0,0.0,0.0
745,23.0,4.0,13.0,2.0,1.0,1.0,2.0,0.0,0.0
746,10.0,2.0,5.0,1.0,0.0,1.0,1.0,0.0,0.0
747,30.0,1.0,20.0,4.0,0.0,4.0,0.0,0.0,1.0
748,28.0,1.0,20.0,2.0,2.0,2.0,1.0,0.0,0.0
749,16.0,5.0,4.0,2.0,2.0,2.0,1.0,0.0,0.0
750,26.0,5.0,13.0,3.0,5.0,0.0,0.0,0.0,0.0
751,44.0,4.0,24.0,4.0,1.0,9.0,2.0,0.0,0.0
752,45.0,2.0,19.0,9.0,9.0,5.0,1.0,0.0,0.0
753,45.0,5.0,30.0,4.0,3.0,2.0,1.0,0.0,0.0
754,36.0,2.0,19.0,6.0,3.0,4.0,2.0,0.0,0.0
755,44.0,5.0,17.0,4.0,17.0,1.0,0.0,0.0,0.0
756,38.0,5.0,18.0,7.0,5.0,1.0,0.0,0.0,2.0
757,38.0,6.0,20.0,9.0,1.0,1.0,1.0,0.0,0.0
758,41.0,7.0,17.0,9.0,4.0,2.0,2.0,0.0,0.0
759,83.0,13.0,36.0,15.0,11.0,3.0,4.0,0.0,1.0
760,20.0,0.0,10.0,5.0,5.0,0.0,0.0,0.0,0.0
761,51.0,4.0,30.0,6.0,4.0,4.0,3.0,0.0,0.0
762,55.0,15.0,26.0,8.0,2.0,2.0,2.0,0.0,0.0
763,61.0,14.0,26.0,5.0,3.0,8.0,4.0,0.0,1.0
764,43.0,12.0,20.0,6.0,4.0,0.0,0.0,0.0,1.0
765,56.0,11.0,26.0,6.0,7.0,3.0,3.0,0.0,0.0
766,61.0,17.0,25.0,9.0,7.0,3.0,0.0,0.0,0.0
767,50.0,13.0,17.0,8.0,5.0,4.0,3.0,0.0,0.0
768,50.0,8.0,22.0,8.0,5.0,3.0,4.0,0.0,0.0
769,20.0,2.0,9.0,4.0,4.0,0.0,1.0,0.0,0.0
770,72.0,13.0,33.0,14.0,1.0,9.0,1.0,0.0,1.0
771,89.0,11.0,50.0,11.0,8.0,6.0,2.0,0.0,1.0
772,71.0,5.0,40.0,12.0,10.0,3.0,0.0,0.0,1.0
773,55.0,3.0,29.0,6.0,13.0,3.0,0.0,0.0,1.0
774,50.0,3.0,27.0,11.0,4.0,3.0,2.0,0.0,0.0
775,44.0,10.0,18.0,3.0,7.0,2.0,2.0,1.0,1.0
776,46.0,10.0,26.0,2.0,6.0,2.0,0.0,0.0,0.0
777,49.0,5.0,30.0,4.0,7.0,2.0,0.0,0.0,1.0
778,89.0,11.0,49.0,9.0,15.0,4.0,1.0,0.0,0.0
779,54.0,2.0,34.0,8.0,5.0,2.0,2.0,0.0,1.0
780,53.0,5.0,28.0,4.0,11.0,3.0,0.0,0.0,2.0
781,50.0,7.0,25.0,8.0,3.0,7.0,0.0,0.0,0.0
782,53.0,3.0,26.0,13.0,5.0,6.0,0.0,0.0,0.0
